id,language,category,pipeline,audioDurationMs,firstPartialMs,endpointToTranscriptMs,endpointToPacketMs,transportMs,endpointToAcousticMs,totalEndToEndMs,wer,cer,exactMatch,tokenF1,factAccuracy
HI_NORM_001,hi,NORMAL,PIPE_A,4200,4705.5,505.5,529.5,34.9,723.0,4923.0,0.087,0.0331,False,0.9726,0.985
HI_NORM_002,hi,NORMAL,PIPE_A,4095,4575.8,480.8,504.8,31.9,691.8,4786.8,0.0771,0.0293,False,0.9774,0.985
HI_NORM_003,hi,NORMAL,PIPE_A,3955,4427.9,472.9,496.9,34.9,689.5,4644.5,0.0698,0.0265,False,0.9716,0.985
HI_NORM_004,hi,NORMAL,PIPE_A,3955,4412.6,457.6,481.6,32.9,667.5,4622.5,0.0654,0.0248,False,0.9883,0.985
HI_NORM_005,hi,NORMAL,PIPE_A,4060,4541.5,481.5,505.5,35.0,696.9,4756.9,0.0797,0.0303,False,0.9806,0.985
HI_NUM_001,hi,NUMBERS,PIPE_A,3990,4477.8,487.8,511.8,33.2,705.9,4695.9,0.0726,0.0276,False,0.9774,0.985
HI_NUM_002,hi,NUMBERS,PIPE_A,3780,4240.0,460.0,484.0,33.2,677.4,4457.4,0.0695,0.0264,False,0.9736,0.985
HI_NUM_003,hi,NUMBERS,PIPE_A,4095,4563.2,468.2,492.2,33.3,676.8,4771.8,0.0695,0.0264,False,0.9913,0.985
HI_NUM_004,hi,NUMBERS,PIPE_A,3850,4297.5,447.5,471.5,34.2,659.4,4509.4,0.0843,0.032,False,0.9888,0.985
HI_NUM_005,hi,NUMBERS,PIPE_A,3850,4312.4,462.4,486.4,32.9,677.7,4527.7,0.0695,0.0264,False,0.9748,0.985
HI_COORD_001,hi,COORDINATES,PIPE_A,4690,5247.8,557.8,581.8,35.0,773.8,5463.8,0.0732,0.0278,False,0.9707,0.985
HI_COORD_002,hi,COORDINATES,PIPE_A,4375,4905.6,530.6,554.6,36.2,750.5,5125.5,0.0944,0.0359,False,0.9866,0.985
HI_COORD_003,hi,COORDINATES,PIPE_A,4655,5191.9,536.9,560.9,31.9,745.4,5400.4,0.0713,0.0271,False,0.975,0.985
HI_COORD_004,hi,COORDINATES,PIPE_A,4515,5073.1,558.1,582.1,35.7,780.4,5295.4,0.076,0.0289,False,0.9744,0.985
HI_COORD_005,hi,COORDINATES,PIPE_A,4235,4737.0,502.0,526.0,34.4,716.8,4951.8,0.085,0.0323,False,0.9893,0.985
HI_CALL_001,hi,CALLSIGN,PIPE_A,4235,4749.9,514.9,538.9,33.0,732.1,4967.1,0.0846,0.0322,False,0.982,0.985
HI_CALL_002,hi,CALLSIGN,PIPE_A,4130,4640.7,510.7,534.7,36.1,733.5,4863.5,0.0829,0.0315,False,0.9777,0.985
HI_CALL_003,hi,CALLSIGN,PIPE_A,4200,4704.0,504.0,528.0,33.1,719.3,4919.3,0.0666,0.0253,False,0.9902,0.985
HI_CALL_004,hi,CALLSIGN,PIPE_A,4305,4814.6,509.6,533.6,32.4,722.3,5027.3,0.0698,0.0265,False,0.976,0.985
HI_CALL_005,hi,CALLSIGN,PIPE_A,4340,4872.4,532.4,556.4,33.7,751.5,5091.5,0.0897,0.0341,False,0.9771,0.985
HI_EMERG_001,hi,EMERGENCY,PIPE_A,4515,5054.9,539.9,563.9,35.3,756.9,5271.9,0.0831,0.0316,False,0.9775,0.985
HI_EMERG_002,hi,EMERGENCY,PIPE_A,4375,4879.4,504.4,528.4,34.2,715.2,5090.2,0.0661,0.0251,False,0.9857,0.985
HI_EMERG_003,hi,EMERGENCY,PIPE_A,4725,5293.3,568.3,592.3,31.9,782.7,5507.7,0.0707,0.0269,False,0.9722,0.985
HI_EMERG_004,hi,EMERGENCY,PIPE_A,4340,4862.4,522.4,546.4,33.7,738.8,5078.8,0.0745,0.0283,False,0.9854,0.985
HI_EMERG_005,hi,EMERGENCY,PIPE_A,4235,4742.8,507.8,531.8,33.1,723.0,4958.0,0.0793,0.0301,False,0.9868,0.985
GU_NORM_001,gu,NORMAL,PIPE_A,4130,4695.9,565.9,589.9,36.1,797.7,4927.7,0.0746,0.0283,False,0.975,0.985
GU_NORM_002,gu,NORMAL,PIPE_A,3850,4386.3,536.3,560.3,32.3,766.9,4616.9,0.068,0.0258,False,0.9832,0.985
GU_NORM_003,gu,NORMAL,PIPE_A,4200,4791.2,591.2,615.2,31.9,823.2,5023.2,0.0871,0.0331,False,0.9774,0.985
GU_NORM_004,gu,NORMAL,PIPE_A,3955,4524.7,569.7,593.7,34.4,808.0,4763.0,0.0659,0.025,False,0.974,0.985
GU_NORM_005,gu,NORMAL,PIPE_A,3990,4540.1,550.1,574.1,32.6,779.3,4769.3,0.0777,0.0295,False,0.9749,0.985
GU_NUM_001,gu,NUMBERS,PIPE_A,4130,4715.6,585.6,609.6,35.9,822.8,4952.8,0.089,0.0338,False,0.992,0.985
GU_NUM_002,gu,NUMBERS,PIPE_A,3780,4322.7,542.7,566.7,34.2,780.3,4560.3,0.0719,0.0273,False,0.9742,0.985
GU_NUM_003,gu,NUMBERS,PIPE_A,3815,4358.7,543.7,567.7,34.2,780.0,4595.0,0.0785,0.0298,False,0.9947,0.985
GU_NUM_004,gu,NUMBERS,PIPE_A,3710,4222.2,512.2,536.2,35.2,744.3,4454.3,0.0948,0.036,False,0.9839,0.985
GU_NUM_005,gu,NUMBERS,PIPE_A,3780,4317.8,537.8,561.8,36.1,775.7,4555.7,0.0878,0.0334,False,0.9823,0.985
GU_COORD_001,gu,COORDINATES,PIPE_A,4550,5179.9,629.9,653.9,34.5,861.8,5411.8,0.0654,0.0248,False,0.9806,0.985
GU_COORD_002,gu,COORDINATES,PIPE_A,4305,4915.3,610.3,634.3,35.5,847.1,5152.1,0.0858,0.0326,False,0.9746,0.985
GU_COORD_003,gu,COORDINATES,PIPE_A,4270,4879.6,609.6,633.6,34.4,846.4,5116.4,0.0713,0.0271,False,0.9859,0.985
GU_COORD_004,gu,COORDINATES,PIPE_A,4095,4651.9,556.9,580.9,34.1,785.5,4880.5,0.0913,0.0347,False,0.9847,0.985
GU_COORD_005,gu,COORDINATES,PIPE_A,4095,4663.4,568.4,592.4,31.8,798.0,4893.0,0.0727,0.0276,False,0.9729,0.985
GU_CALL_001,gu,CALLSIGN,PIPE_A,4270,4851.8,581.8,605.8,35.2,811.9,5081.9,0.0909,0.0345,False,0.9836,0.985
GU_CALL_002,gu,CALLSIGN,PIPE_A,4130,4714.1,584.1,608.1,35.0,819.9,4949.9,0.0671,0.0255,False,0.9949,0.985
GU_CALL_003,gu,CALLSIGN,PIPE_A,3920,4483.6,563.6,587.6,32.2,799.4,4719.4,0.0893,0.0339,False,0.9848,0.985
GU_CALL_004,gu,CALLSIGN,PIPE_A,4060,4613.6,553.6,577.6,32.7,781.1,4841.1,0.0816,0.031,False,0.9815,0.985
GU_CALL_005,gu,CALLSIGN,PIPE_A,4165,4741.2,576.2,600.2,32.3,805.7,4970.7,0.0878,0.0334,False,0.9929,0.985
GU_EMERG_001,gu,EMERGENCY,PIPE_A,4550,5186.0,636.0,660.0,33.5,868.4,5418.4,0.0928,0.0353,False,0.9831,0.985
GU_EMERG_002,gu,EMERGENCY,PIPE_A,4375,4989.4,614.4,638.4,34.3,848.5,5223.5,0.0807,0.0307,False,0.9939,0.985
GU_EMERG_003,gu,EMERGENCY,PIPE_A,4410,5006.7,596.7,620.7,34.1,824.5,5234.5,0.0679,0.0258,False,0.9779,0.985
GU_EMERG_004,gu,EMERGENCY,PIPE_A,4305,4906.1,601.1,625.1,33.9,833.7,5138.7,0.0799,0.0304,False,0.9841,0.985
GU_EMERG_005,gu,EMERGENCY,PIPE_A,4270,4861.7,591.7,615.7,32.6,821.7,5091.7,0.0709,0.0269,False,0.993,0.985
MR_NORM_001,mr,NORMAL,PIPE_A,4060,4590.3,530.3,554.3,33.9,747.7,4807.7,0.0893,0.0339,False,0.9801,0.985
MR_NORM_002,mr,NORMAL,PIPE_A,3955,4455.9,500.9,524.9,34.9,714.8,4669.8,0.0894,0.034,False,0.9808,0.985
MR_NORM_003,mr,NORMAL,PIPE_A,4305,4856.4,551.4,575.4,33.9,766.0,5071.0,0.0834,0.0317,False,0.9759,0.985
MR_NORM_004,mr,NORMAL,PIPE_A,3990,4504.3,514.3,538.3,31.9,727.9,4717.9,0.0667,0.0254,False,0.9847,0.985
MR_NORM_005,mr,NORMAL,PIPE_A,3990,4509.3,519.3,543.3,34.3,736.6,4726.6,0.0791,0.0301,False,0.99,0.985
MR_NUM_001,mr,NUMBERS,PIPE_A,4095,4612.3,517.3,541.3,35.5,731.6,4826.6,0.0889,0.0338,False,0.9913,0.985
MR_NUM_002,mr,NUMBERS,PIPE_A,3920,4448.9,528.9,552.9,36.0,753.4,4673.4,0.0815,0.031,False,0.9817,0.985
MR_NUM_003,mr,NUMBERS,PIPE_A,4130,4686.3,556.3,580.3,32.4,776.9,4906.9,0.0779,0.0296,False,0.9887,0.985
MR_NUM_004,mr,NUMBERS,PIPE_A,3815,4315.1,500.1,524.1,36.1,720.2,4535.2,0.0919,0.0349,False,0.9786,0.985
MR_NUM_005,mr,NUMBERS,PIPE_A,3920,4450.4,530.4,554.4,35.3,754.5,4674.5,0.0911,0.0346,False,0.9886,0.985
MR_COORD_001,mr,COORDINATES,PIPE_A,4760,5365.2,605.2,629.2,36.2,821.0,5581.0,0.0661,0.0251,False,0.9939,0.985
MR_COORD_002,mr,COORDINATES,PIPE_A,4340,4904.1,564.1,588.1,33.1,780.1,5120.1,0.0904,0.0344,False,0.9877,0.985
MR_COORD_003,mr,COORDINATES,PIPE_A,4445,5039.1,594.1,618.1,32.7,813.7,5258.7,0.0795,0.0302,False,0.9734,0.985
MR_COORD_004,mr,COORDINATES,PIPE_A,4200,4765.0,565.0,589.0,35.5,788.5,4988.5,0.0818,0.0311,False,0.9737,0.985
MR_COORD_005,mr,COORDINATES,PIPE_A,4130,4653.2,523.2,547.2,34.9,737.2,4867.2,0.0669,0.0254,False,0.9785,0.985
MR_CALL_001,mr,CALLSIGN,PIPE_A,4200,4760.8,560.8,584.8,36.0,783.7,4983.7,0.0788,0.03,False,0.9879,0.985
MR_CALL_002,mr,CALLSIGN,PIPE_A,4165,4701.2,536.2,560.2,35.1,752.8,4917.8,0.0707,0.0268,False,0.9901,0.985
MR_CALL_003,mr,CALLSIGN,PIPE_A,4060,4570.9,510.9,534.9,32.3,721.3,4781.3,0.0663,0.0252,False,0.9755,0.985
MR_CALL_004,mr,CALLSIGN,PIPE_A,4060,4589.4,529.4,553.4,34.5,747.2,4807.2,0.0795,0.0302,False,0.9801,0.985
MR_CALL_005,mr,CALLSIGN,PIPE_A,4130,4653.2,523.2,547.2,32.0,734.3,4864.3,0.0772,0.0293,False,0.976,0.985
MR_EMERG_001,mr,EMERGENCY,PIPE_A,4550,5122.9,572.9,596.9,35.1,786.3,5336.3,0.0762,0.029,False,0.99,0.985
MR_EMERG_002,mr,EMERGENCY,PIPE_A,4375,4929.0,554.0,578.0,33.4,766.4,5141.4,0.0921,0.035,False,0.9878,0.985
MR_EMERG_003,mr,EMERGENCY,PIPE_A,4550,5125.8,575.8,599.8,34.1,788.9,5338.9,0.0869,0.033,False,0.9821,0.985
MR_EMERG_004,mr,EMERGENCY,PIPE_A,4200,4750.5,550.5,574.5,33.0,767.6,4967.6,0.0777,0.0295,False,0.9907,0.985
MR_EMERG_005,mr,EMERGENCY,PIPE_A,4305,4882.6,577.6,601.6,33.2,798.4,5103.4,0.0664,0.0252,False,0.994,0.985
KN_NORM_001,kn,NORMAL,PIPE_A,4270,4889.3,619.3,643.3,32.1,853.1,5123.1,0.0727,0.0276,False,0.9896,0.985
KN_NORM_002,kn,NORMAL,PIPE_A,4340,4986.7,646.7,670.7,34.5,887.4,5227.4,0.0852,0.0324,False,0.9762,0.985
KN_NORM_003,kn,NORMAL,PIPE_A,4515,5171.0,656.0,680.0,34.0,892.1,5407.1,0.0717,0.0272,False,0.9703,0.985
KN_NORM_004,kn,NORMAL,PIPE_A,3990,4558.8,568.8,592.8,32.7,800.4,4790.4,0.0818,0.0311,False,0.9947,0.985
KN_NORM_005,kn,NORMAL,PIPE_A,3815,4381.1,566.1,590.1,35.1,806.7,4621.7,0.0766,0.0291,False,0.9874,0.985
KN_NUM_001,kn,NUMBERS,PIPE_A,4375,5025.1,650.1,674.1,33.3,889.2,5264.2,0.0723,0.0275,False,0.9815,0.985
KN_NUM_002,kn,NUMBERS,PIPE_A,4130,4733.6,603.6,627.6,35.6,842.3,4972.3,0.0942,0.0358,False,0.9793,0.985
KN_NUM_003,kn,NUMBERS,PIPE_A,4095,4720.5,625.5,649.5,32.4,868.4,4963.4,0.0828,0.0314,False,0.9886,0.985
KN_NUM_004,kn,NUMBERS,PIPE_A,3920,4479.7,559.7,583.7,36.2,795.1,4715.1,0.0911,0.0346,False,0.9868,0.985
KN_NUM_005,kn,NUMBERS,PIPE_A,3745,4278.0,533.0,557.0,33.1,764.7,4509.7,0.0852,0.0324,False,0.9838,0.985
KN_COORD_001,kn,COORDINATES,PIPE_A,5005,5734.5,729.5,753.5,34.3,966.4,5971.4,0.09,0.0342,False,0.9797,0.985
KN_COORD_002,kn,COORDINATES,PIPE_A,4620,5316.5,696.5,720.5,34.1,938.9,5558.9,0.082,0.0312,False,0.975,0.985
KN_COORD_003,kn,COORDINATES,PIPE_A,4585,5255.4,670.4,694.4,33.4,906.8,5491.8,0.0678,0.0258,False,0.9908,0.985
KN_COORD_004,kn,COORDINATES,PIPE_A,4375,5017.8,642.8,666.8,34.1,880.8,5255.8,0.0863,0.0328,False,0.9751,0.985
KN_COORD_005,kn,COORDINATES,PIPE_A,4480,5137.7,657.7,681.7,33.0,894.4,5374.4,0.0742,0.0282,False,0.986,0.985
KN_CALL_001,kn,CALLSIGN,PIPE_A,4375,5001.9,626.9,650.9,33.4,860.0,5235.0,0.092,0.035,False,0.9757,0.985
KN_CALL_002,kn,CALLSIGN,PIPE_A,4340,4993.5,653.5,677.5,32.7,894.3,5234.3,0.0859,0.0327,False,0.9944,0.985
KN_CALL_003,kn,CALLSIGN,PIPE_A,4585,5279.0,694.0,718.0,33.0,936.1,5521.1,0.0766,0.0291,False,0.9906,0.985
KN_CALL_004,kn,CALLSIGN,PIPE_A,4200,4831.2,631.2,655.2,34.3,873.3,5073.3,0.0938,0.0356,False,0.9873,0.985
KN_CALL_005,kn,CALLSIGN,PIPE_A,4130,4755.1,625.1,649.1,34.7,868.8,4998.8,0.0908,0.0345,False,0.983,0.985
KN_EMERG_001,kn,EMERGENCY,PIPE_A,4830,5515.0,685.0,709.0,35.8,918.9,5748.9,0.0762,0.0289,False,0.9845,0.985
KN_EMERG_002,kn,EMERGENCY,PIPE_A,4725,5426.2,701.2,725.2,35.9,942.8,5667.8,0.0711,0.027,False,0.976,0.985
KN_EMERG_003,kn,EMERGENCY,PIPE_A,4655,5341.5,686.5,710.5,31.9,922.9,5577.9,0.0893,0.0339,False,0.9861,0.985
KN_EMERG_004,kn,EMERGENCY,PIPE_A,4585,5250.6,665.6,689.6,32.8,900.3,5485.3,0.0939,0.0357,False,0.9725,0.985
KN_EMERG_005,kn,EMERGENCY,PIPE_A,4305,4943.1,638.1,662.1,33.2,876.7,5181.7,0.0815,0.031,False,0.98,0.985
ML_NORM_001,ml,NORMAL,PIPE_A,4620,5267.5,647.5,671.5,36.0,869.7,5489.7,0.0937,0.0356,False,0.9775,0.985
ML_NORM_002,ml,NORMAL,PIPE_A,4130,4696.7,566.7,590.7,32.3,782.0,4912.0,0.0838,0.0319,False,0.9837,0.985
ML_NORM_003,ml,NORMAL,PIPE_A,4095,4667.6,572.6,596.6,34.2,792.6,4887.6,0.065,0.0247,False,0.9716,0.985
ML_NORM_004,ml,NORMAL,PIPE_A,4165,4747.9,582.9,606.9,34.1,802.9,4967.9,0.0869,0.033,False,0.9815,0.985
ML_NORM_005,ml,NORMAL,PIPE_A,3990,4568.0,578.0,602.0,34.1,803.3,4793.3,0.0861,0.0327,False,0.9928,0.985
ML_NUM_001,ml,NUMBERS,PIPE_A,4165,4746.5,581.5,605.5,32.5,799.5,4964.5,0.067,0.0255,False,0.9707,0.985
ML_NUM_002,ml,NUMBERS,PIPE_A,4550,5166.6,616.6,640.6,34.4,832.2,5382.2,0.0717,0.0273,False,0.9706,0.985
ML_NUM_003,ml,NUMBERS,PIPE_A,4200,4811.2,611.2,635.2,32.7,835.8,5035.8,0.0775,0.0294,False,0.9772,0.985
ML_NUM_004,ml,NUMBERS,PIPE_A,3850,4385.4,535.4,559.4,33.8,754.2,4604.2,0.0924,0.0351,False,0.9882,0.985
ML_NUM_005,ml,NUMBERS,PIPE_A,3990,4561.1,571.1,595.1,35.7,796.2,4786.2,0.0779,0.0296,False,0.9728,0.985
ML_COORD_001,ml,COORDINATES,PIPE_A,5215,5936.7,721.7,745.7,35.8,941.7,6156.7,0.0767,0.0292,False,0.9882,0.985
ML_COORD_002,ml,COORDINATES,PIPE_A,4935,5642.9,707.9,731.9,36.2,933.8,5868.8,0.0827,0.0314,False,0.9867,0.985
ML_COORD_003,ml,COORDINATES,PIPE_A,4795,5451.4,656.4,680.4,32.3,871.4,5666.4,0.0702,0.0267,False,0.9748,0.985
ML_COORD_004,ml,COORDINATES,PIPE_A,4270,4878.9,608.9,632.9,34.8,832.4,5102.4,0.0904,0.0344,False,0.9934,0.985
ML_COORD_005,ml,COORDINATES,PIPE_A,4795,5440.7,645.7,669.7,35.8,861.7,5656.7,0.0821,0.0312,False,0.9883,0.985
ML_CALL_001,ml,CALLSIGN,PIPE_A,4340,4961.1,621.1,645.1,35.4,845.8,5185.8,0.0731,0.0278,False,0.977,0.985
ML_CALL_002,ml,CALLSIGN,PIPE_A,4830,5528.1,698.1,722.1,35.5,924.4,5754.4,0.0754,0.0287,False,0.9849,0.985
ML_CALL_003,ml,CALLSIGN,PIPE_A,4235,4824.5,589.5,613.5,32.0,806.6,5041.6,0.0872,0.0331,False,0.987,0.985
ML_CALL_004,ml,CALLSIGN,PIPE_A,4410,5022.7,612.7,636.7,33.6,831.2,5241.2,0.0676,0.0257,False,0.9767,0.985
ML_CALL_005,ml,CALLSIGN,PIPE_A,4270,4877.9,607.9,631.9,33.6,830.1,5100.1,0.0851,0.0323,False,0.9896,0.985
ML_EMERG_001,ml,EMERGENCY,PIPE_A,4620,5244.2,624.2,648.2,35.4,840.3,5460.3,0.0851,0.0323,False,0.976,0.985
ML_EMERG_002,ml,EMERGENCY,PIPE_A,4550,5166.3,616.3,640.3,32.0,829.5,5379.5,0.0797,0.0303,False,0.9887,0.985
ML_EMERG_003,ml,EMERGENCY,PIPE_A,4410,5024.4,614.4,638.4,32.7,832.3,5242.3,0.0928,0.0353,False,0.9719,0.985
ML_EMERG_004,ml,EMERGENCY,PIPE_A,4410,5007.0,597.0,621.0,33.3,811.3,5221.3,0.0801,0.0304,False,0.9832,0.985
ML_EMERG_005,ml,EMERGENCY,PIPE_A,4445,5046.0,601.0,625.0,36.0,817.9,5262.9,0.0651,0.0247,False,0.9908,0.985
TA_NORM_001,ta,NORMAL,PIPE_A,4480,5140.3,660.3,684.3,35.2,902.8,5382.8,0.0939,0.0357,False,0.9947,0.985
TA_NORM_002,ta,NORMAL,PIPE_A,4725,5418.1,693.1,717.1,36.1,935.6,5660.6,0.0931,0.0354,False,0.9857,0.985
TA_NORM_003,ta,NORMAL,PIPE_A,4655,5320.6,665.6,689.6,34.1,901.9,5556.9,0.0841,0.0319,False,0.9803,0.985
TA_NORM_004,ta,NORMAL,PIPE_A,4270,4877.9,607.9,631.9,33.4,842.7,5112.7,0.0663,0.0252,False,0.9742,0.985
TA_NORM_005,ta,NORMAL,PIPE_A,4200,4803.8,603.8,627.8,34.5,841.4,5041.4,0.0716,0.0272,False,0.9761,0.985
TA_NUM_001,ta,NUMBERS,PIPE_A,4550,5210.7,660.7,684.7,33.4,898.8,5448.8,0.0917,0.0348,False,0.9773,0.985
TA_NUM_002,ta,NUMBERS,PIPE_A,4410,5053.0,643.0,667.0,32.5,881.0,5291.0,0.0891,0.0338,False,0.9881,0.985
TA_NUM_003,ta,NUMBERS,PIPE_A,4410,5044.7,634.7,658.7,35.7,873.6,5283.6,0.065,0.0247,False,0.9915,0.985
TA_NUM_004,ta,NUMBERS,PIPE_A,4025,4587.8,562.8,586.8,33.0,794.3,4819.3,0.0675,0.0256,False,0.993,0.985
TA_NUM_005,ta,NUMBERS,PIPE_A,3815,4341.5,526.5,550.5,34.9,757.7,4572.7,0.0651,0.0248,False,0.9804,0.985
TA_COORD_001,ta,COORDINATES,PIPE_A,5600,6399.4,799.4,823.4,32.5,1033.7,6633.7,0.0908,0.0345,False,0.9756,0.985
TA_COORD_002,ta,COORDINATES,PIPE_A,4830,5510.8,680.8,704.8,35.0,915.6,5745.6,0.0745,0.0283,False,0.9753,0.985
TA_COORD_003,ta,COORDINATES,PIPE_A,4970,5650.6,680.6,704.6,34.0,909.7,5879.7,0.0705,0.0268,False,0.9808,0.985
TA_COORD_004,ta,COORDINATES,PIPE_A,4620,5299.6,679.6,703.6,32.2,918.7,5538.7,0.0696,0.0265,False,0.9758,0.985
TA_COORD_005,ta,COORDINATES,PIPE_A,4795,5453.3,658.3,682.3,34.6,888.4,5683.4,0.0691,0.0263,False,0.9856,0.985
TA_CALL_001,ta,CALLSIGN,PIPE_A,4830,5514.0,684.0,708.0,33.2,917.7,5747.7,0.0923,0.0351,False,0.9789,0.985
TA_CALL_002,ta,CALLSIGN,PIPE_A,4690,5350.9,660.9,684.9,35.2,895.8,5585.8,0.0929,0.0353,False,0.9753,0.985
TA_CALL_003,ta,CALLSIGN,PIPE_A,4445,5090.4,645.4,669.4,33.8,883.9,5328.9,0.0837,0.0318,False,0.9847,0.985
TA_CALL_004,ta,CALLSIGN,PIPE_A,4620,5289.1,669.1,693.1,34.5,907.9,5527.9,0.0846,0.0321,False,0.9863,0.985
TA_CALL_005,ta,CALLSIGN,PIPE_A,4375,5013.4,638.4,662.4,34.4,878.3,5253.3,0.0843,0.032,False,0.9818,0.985
TA_EMERG_001,ta,EMERGENCY,PIPE_A,5145,5867.6,722.6,746.6,35.6,957.4,6102.4,0.0836,0.0318,False,0.9762,0.985
TA_EMERG_002,ta,EMERGENCY,PIPE_A,4445,5075.1,630.1,654.1,34.8,865.7,5310.7,0.0858,0.0326,False,0.9713,0.985
TA_EMERG_003,ta,EMERGENCY,PIPE_A,4970,5688.1,718.1,742.1,33.5,955.5,5925.5,0.0909,0.0346,False,0.9722,0.985
TA_EMERG_004,ta,EMERGENCY,PIPE_A,4865,5569.8,704.8,728.8,35.1,944.2,5809.2,0.075,0.0285,False,0.9755,0.985
TA_EMERG_005,ta,EMERGENCY,PIPE_A,4655,5308.8,653.8,677.8,35.9,888.9,5543.9,0.0661,0.0251,False,0.9797,0.985
TE_NORM_001,te,NORMAL,PIPE_A,4585,5190.3,605.3,629.3,32.0,824.2,5409.2,0.0861,0.0327,False,0.9798,0.985
TE_NORM_002,te,NORMAL,PIPE_A,4480,5085.2,605.2,629.2,34.7,830.3,5310.3,0.0712,0.027,False,0.9714,0.985
TE_NORM_003,te,NORMAL,PIPE_A,4690,5319.9,629.9,653.9,35.1,854.4,5544.4,0.0775,0.0294,False,0.9811,0.985
TE_NORM_004,te,NORMAL,PIPE_A,4130,4683.4,553.4,577.4,34.9,777.4,4907.4,0.0889,0.0338,False,0.9729,0.985
TE_NORM_005,te,NORMAL,PIPE_A,4060,4599.1,539.1,563.1,32.2,759.1,4819.1,0.0829,0.0315,False,0.9747,0.985
TE_NUM_001,te,NUMBERS,PIPE_A,4620,5245.1,625.1,649.1,32.0,847.6,5467.6,0.0901,0.0342,False,0.9765,0.985
TE_NUM_002,te,NUMBERS,PIPE_A,4270,4844.3,574.3,598.3,35.0,799.0,5069.0,0.0915,0.0348,False,0.9875,0.985
TE_NUM_003,te,NUMBERS,PIPE_A,4340,4931.2,591.2,615.2,35.9,818.8,5158.8,0.0848,0.0322,False,0.9868,0.985
TE_NUM_004,te,NUMBERS,PIPE_A,3815,4311.9,496.9,520.9,34.2,716.0,4531.0,0.0744,0.0283,False,0.9713,0.985
TE_NUM_005,te,NUMBERS,PIPE_A,3885,4409.3,524.3,548.3,33.9,748.4,4633.4,0.0875,0.0332,False,0.9923,0.985
TE_COORD_001,te,COORDINATES,PIPE_A,5285,5961.6,676.6,700.6,33.8,892.7,6177.7,0.0925,0.0352,False,0.9756,0.985
TE_COORD_002,te,COORDINATES,PIPE_A,4935,5583.5,648.5,672.5,35.3,869.9,5804.9,0.0711,0.027,False,0.9765,0.985
TE_COORD_003,te,COORDINATES,PIPE_A,4830,5447.8,617.8,641.8,34.9,835.0,5665.0,0.0755,0.0287,False,0.9781,0.985
TE_COORD_004,te,COORDINATES,PIPE_A,4585,5185.3,600.3,624.3,36.0,821.9,5406.9,0.0905,0.0344,False,0.9709,0.985
TE_COORD_005,te,COORDINATES,PIPE_A,4410,4979.6,569.6,593.6,36.1,789.3,5199.3,0.0881,0.0335,False,0.983,0.985
TE_CALL_001,te,CALLSIGN,PIPE_A,4445,5023.2,578.2,602.2,33.8,796.7,5241.7,0.0859,0.0326,False,0.9742,0.985
TE_CALL_002,te,CALLSIGN,PIPE_A,4445,5017.6,572.6,596.6,32.3,788.2,5233.2,0.0729,0.0277,False,0.9803,0.985
TE_CALL_003,te,CALLSIGN,PIPE_A,4480,5083.5,603.5,627.5,35.4,828.9,5308.9,0.0796,0.0302,False,0.976,0.985
TE_CALL_004,te,CALLSIGN,PIPE_A,4270,4820.3,550.3,574.3,35.9,769.5,5039.5,0.0675,0.0256,False,0.9897,0.985
TE_CALL_005,te,CALLSIGN,PIPE_A,4165,4708.5,543.5,567.5,35.3,763.9,4928.9,0.07,0.0266,False,0.9799,0.985
TE_EMERG_001,te,EMERGENCY,PIPE_A,4655,5280.9,625.9,649.9,34.3,849.9,5504.9,0.066,0.0251,False,0.9748,0.985
TE_EMERG_002,te,EMERGENCY,PIPE_A,4725,5360.5,635.5,659.5,32.9,858.0,5583.0,0.0877,0.0333,False,0.9762,0.985
TE_EMERG_003,te,EMERGENCY,PIPE_A,4795,5413.4,618.4,642.4,32.1,833.9,5628.9,0.0858,0.0326,False,0.9727,0.985
TE_EMERG_004,te,EMERGENCY,PIPE_A,4655,5257.9,602.9,626.9,32.9,819.8,5474.8,0.0888,0.0337,False,0.9776,0.985
TE_EMERG_005,te,EMERGENCY,PIPE_A,4585,5195.8,610.8,634.8,35.9,835.0,5420.0,0.0882,0.0335,False,0.9746,0.985
OR_NORM_001,or,NORMAL,PIPE_A,4270,4928.7,658.7,682.7,32.4,894.0,5164.0,0.1063,0.0404,False,0.9904,0.985
OR_NORM_002,or,NORMAL,PIPE_A,4130,4800.0,670.0,694.0,32.3,913.9,5043.9,0.1165,0.0443,False,0.9786,0.985
OR_NORM_003,or,NORMAL,PIPE_A,4305,4969.8,664.8,688.8,32.5,900.3,5205.3,0.1212,0.046,False,0.975,0.985
OR_NORM_004,or,NORMAL,PIPE_A,3955,4560.0,605.0,629.0,32.6,839.0,4794.0,0.1176,0.0447,False,0.9713,0.985
OR_NORM_005,or,NORMAL,PIPE_A,4340,5031.6,691.6,715.6,34.0,934.1,5274.1,0.116,0.0441,False,0.9808,0.985
OR_NUM_001,or,NUMBERS,PIPE_A,4165,4807.4,642.4,666.4,32.0,877.3,5042.3,0.1248,0.0474,False,0.9903,0.985
OR_NUM_002,or,NUMBERS,PIPE_A,3920,4539.4,619.4,643.4,35.4,861.6,4781.6,0.122,0.0464,False,0.9781,0.985
OR_NUM_003,or,NUMBERS,PIPE_A,4060,4699.4,639.4,663.4,32.2,878.0,4938.0,0.1218,0.0463,False,0.9859,0.985
OR_NUM_004,or,NUMBERS,PIPE_A,3885,4493.7,608.7,632.7,35.0,849.2,4734.2,0.1157,0.044,False,0.9902,0.985
OR_NUM_005,or,NUMBERS,PIPE_A,3850,4474.2,624.2,648.2,34.7,870.3,4720.3,0.1228,0.0467,False,0.9723,0.985
OR_COORD_001,or,COORDINATES,PIPE_A,4830,5618.1,788.1,812.1,34.4,1035.0,5865.0,0.1208,0.0459,False,0.9913,0.985
OR_COORD_002,or,COORDINATES,PIPE_A,4620,5334.6,714.6,738.6,34.9,952.8,5572.8,0.1241,0.0472,False,0.9797,0.985
OR_COORD_003,or,COORDINATES,PIPE_A,4340,5034.2,694.2,718.2,34.1,937.3,5277.3,0.1173,0.0446,False,0.9891,0.985
OR_COORD_004,or,COORDINATES,PIPE_A,4270,4947.3,677.3,701.3,35.2,920.1,5190.1,0.1135,0.0431,False,0.9901,0.985
OR_COORD_005,or,COORDINATES,PIPE_A,4515,5205.1,690.1,714.1,32.1,923.6,5438.6,0.1103,0.0419,False,0.9874,0.985
OR_CALL_001,or,CALLSIGN,PIPE_A,4445,5145.4,700.4,724.4,32.1,939.0,5384.0,0.1078,0.041,False,0.971,0.985
OR_CALL_002,or,CALLSIGN,PIPE_A,4165,4808.4,643.4,667.4,35.7,882.2,5047.2,0.1212,0.046,False,0.9779,0.985
OR_CALL_003,or,CALLSIGN,PIPE_A,4200,4891.5,691.5,715.5,33.3,939.0,5139.0,0.1071,0.0407,False,0.9889,0.985
OR_CALL_004,or,CALLSIGN,PIPE_A,4270,4955.7,685.7,709.7,33.4,928.8,5198.8,0.1112,0.0422,False,0.9926,0.985
OR_CALL_005,or,CALLSIGN,PIPE_A,4025,4656.7,631.7,655.7,35.3,872.7,4897.7,0.1154,0.0439,False,0.9746,0.985
OR_EMERG_001,or,EMERGENCY,PIPE_A,4620,5329.3,709.3,733.3,33.7,945.1,5565.1,0.1163,0.0442,False,0.9857,0.985
OR_EMERG_002,or,EMERGENCY,PIPE_A,4375,5056.5,681.5,705.5,33.8,919.8,5294.8,0.1075,0.0409,False,0.974,0.985
OR_EMERG_003,or,EMERGENCY,PIPE_A,4830,5569.6,739.6,763.6,32.2,973.4,5803.4,0.1097,0.0417,False,0.9858,0.985
OR_EMERG_004,or,EMERGENCY,PIPE_A,4620,5375.4,755.4,779.4,34.7,1002.9,5622.9,0.1223,0.0465,False,0.97,0.985
OR_EMERG_005,or,EMERGENCY,PIPE_A,4235,4935.0,700.0,724.0,32.8,947.6,5182.6,0.1076,0.0409,False,0.9747,0.985
BN_NORM_001,bn,NORMAL,PIPE_A,4270,4813.7,543.7,567.7,33.4,757.7,5027.7,0.094,0.0357,False,0.9768,0.985
BN_NORM_002,bn,NORMAL,PIPE_A,4130,4670.7,540.7,564.7,35.4,760.8,4890.8,0.067,0.0254,False,0.9787,0.985
BN_NORM_003,bn,NORMAL,PIPE_A,4375,4932.2,557.2,581.2,35.1,773.1,5148.1,0.0693,0.0263,False,0.9817,0.985
BN_NORM_004,bn,NORMAL,PIPE_A,3815,4324.0,509.0,533.0,33.4,730.1,4545.1,0.0713,0.0271,False,0.9716,0.985
BN_NORM_005,bn,NORMAL,PIPE_A,4305,4876.7,571.7,595.7,32.7,791.4,5096.4,0.0891,0.0339,False,0.9768,0.985
BN_NUM_001,bn,NUMBERS,PIPE_A,4060,4584.5,524.5,548.5,33.3,740.6,4800.6,0.0664,0.0252,False,0.9865,0.985
BN_NUM_002,bn,NUMBERS,PIPE_A,4130,4669.9,539.9,563.9,34.9,759.3,4889.3,0.0851,0.0323,False,0.9864,0.985
BN_NUM_003,bn,NUMBERS,PIPE_A,3990,4503.8,513.8,537.8,33.9,730.0,4720.0,0.0871,0.0331,False,0.9754,0.985
BN_NUM_004,bn,NUMBERS,PIPE_A,3955,4494.1,539.1,563.1,36.1,766.1,4721.1,0.085,0.0323,False,0.9867,0.985
BN_NUM_005,bn,NUMBERS,PIPE_A,4130,4687.0,557.0,581.0,33.1,779.3,4909.3,0.0739,0.0281,False,0.9746,0.985
BN_COORD_001,bn,COORDINATES,PIPE_A,4900,5537.6,637.6,661.6,35.4,856.8,5756.8,0.087,0.0331,False,0.9723,0.985
BN_COORD_002,bn,COORDINATES,PIPE_A,4480,5050.9,570.9,594.9,34.8,786.5,5266.5,0.0941,0.0357,False,0.9796,0.985
BN_COORD_003,bn,COORDINATES,PIPE_A,4410,5008.1,598.1,622.1,32.1,820.3,5230.3,0.0851,0.0323,False,0.9789,0.985
BN_COORD_004,bn,COORDINATES,PIPE_A,4305,4860.5,555.5,579.5,31.9,770.0,5075.0,0.0653,0.0248,False,0.9936,0.985
BN_COORD_005,bn,COORDINATES,PIPE_A,4445,5036.3,591.3,615.3,36.2,814.6,5259.6,0.0949,0.0361,False,0.971,0.985
BN_CALL_001,bn,CALLSIGN,PIPE_A,4445,5042.3,597.3,621.3,34.5,820.5,5265.5,0.0761,0.0289,False,0.9751,0.985
BN_CALL_002,bn,CALLSIGN,PIPE_A,4165,4706.0,541.0,565.0,32.4,757.0,4922.0,0.0716,0.0272,False,0.9846,0.985
BN_CALL_003,bn,CALLSIGN,PIPE_A,4095,4621.2,526.2,550.2,32.3,740.5,4835.5,0.073,0.0278,False,0.9827,0.985
BN_CALL_004,bn,CALLSIGN,PIPE_A,4305,4891.1,586.1,610.1,35.6,812.4,5117.4,0.0712,0.0271,False,0.9894,0.985
BN_CALL_005,bn,CALLSIGN,PIPE_A,4200,4775.8,575.8,599.8,35.3,802.9,5002.9,0.0862,0.0328,False,0.9784,0.985
BN_EMERG_001,bn,EMERGENCY,PIPE_A,4480,5050.2,570.2,594.2,32.0,782.9,5262.9,0.0943,0.0358,False,0.9905,0.985
BN_EMERG_002,bn,EMERGENCY,PIPE_A,4270,4820.3,550.3,574.3,35.7,768.4,5038.4,0.0904,0.0344,False,0.977,0.985
BN_EMERG_003,bn,EMERGENCY,PIPE_A,4760,5389.8,629.8,653.8,34.2,850.4,5610.4,0.0805,0.0306,False,0.9862,0.985
BN_EMERG_004,bn,EMERGENCY,PIPE_A,4340,4892.8,552.8,576.8,34.8,768.4,5108.4,0.0945,0.0359,False,0.9794,0.985
BN_EMERG_005,bn,EMERGENCY,PIPE_A,4305,4890.4,585.4,609.4,32.6,808.6,5113.6,0.0737,0.028,False,0.9932,0.985
EN_NORM_001,en,NORMAL,PIPE_A,4690,5155.9,465.9,489.9,32.7,668.9,5358.9,0.0681,0.0259,False,0.9841,0.985
EN_NORM_002,en,NORMAL,PIPE_A,4235,4670.0,435.0,459.0,34.1,644.1,4879.1,0.0696,0.0265,False,0.9902,0.985
EN_NORM_003,en,NORMAL,PIPE_A,4235,4675.2,440.2,464.2,35.3,652.0,4887.0,0.0668,0.0254,False,0.9911,0.985
EN_NORM_004,en,NORMAL,PIPE_A,4515,4986.5,471.5,495.5,34.5,683.3,5198.3,0.0651,0.0248,False,0.9901,0.985
EN_NORM_005,en,NORMAL,PIPE_A,4130,4535.3,405.3,429.3,34.8,608.9,4738.9,0.0764,0.029,False,0.9756,0.985
EN_NUM_001,en,NUMBERS,PIPE_A,4305,4753.0,448.0,472.0,35.9,660.7,4965.7,0.0919,0.0349,False,0.9729,0.985
EN_NUM_002,en,NUMBERS,PIPE_A,4165,4593.2,428.2,452.2,33.1,636.3,4801.3,0.0903,0.0343,False,0.9735,0.985
EN_NUM_003,en,NUMBERS,PIPE_A,4410,4859.8,449.8,473.8,34.0,657.8,5067.8,0.09,0.0342,False,0.9737,0.985
EN_NUM_004,en,NUMBERS,PIPE_A,3850,4245.5,395.5,419.5,32.1,602.6,4452.6,0.0869,0.033,False,0.9898,0.985
EN_NUM_005,en,NUMBERS,PIPE_A,4235,4652.6,417.6,441.6,36.1,623.0,4858.0,0.0678,0.0258,False,0.9775,0.985
EN_COORD_001,en,COORDINATES,PIPE_A,5250,5786.9,536.9,560.9,34.3,745.6,5995.6,0.0871,0.0331,False,0.9736,0.985
EN_COORD_002,en,COORDINATES,PIPE_A,4655,5131.9,476.9,500.9,36.1,687.6,5342.6,0.0819,0.0311,False,0.9707,0.985
EN_COORD_003,en,COORDINATES,PIPE_A,4935,5444.0,509.0,533.0,34.9,719.4,5654.4,0.0947,0.036,False,0.9886,0.985
EN_COORD_004,en,COORDINATES,PIPE_A,4585,5056.0,471.0,495.0,33.9,680.0,5265.0,0.0859,0.0327,False,0.975,0.985
EN_COORD_005,en,COORDINATES,PIPE_A,4445,4895.4,450.4,474.4,32.7,656.1,5101.1,0.0914,0.0347,False,0.9845,0.985
EN_CALL_001,en,CALLSIGN,PIPE_A,4270,4713.0,443.0,467.0,33.1,652.5,4922.5,0.0843,0.0321,False,0.9768,0.985
EN_CALL_002,en,CALLSIGN,PIPE_A,4305,4731.6,426.6,450.6,32.4,629.1,4934.1,0.0815,0.031,False,0.9787,0.985
EN_CALL_003,en,CALLSIGN,PIPE_A,4550,5020.4,470.4,494.4,34.8,681.0,5231.0,0.0745,0.0283,False,0.9818,0.985
EN_CALL_004,en,CALLSIGN,PIPE_A,4305,4736.1,431.1,455.1,33.8,636.4,4941.4,0.0738,0.0281,False,0.9877,0.985
EN_CALL_005,en,CALLSIGN,PIPE_A,4480,4929.6,449.6,473.6,33.4,654.7,5134.7,0.0737,0.028,False,0.9894,0.985
EN_EMERG_001,en,EMERGENCY,PIPE_A,4830,5324.6,494.6,518.6,35.3,704.4,5534.4,0.095,0.0361,False,0.9805,0.985
EN_EMERG_002,en,EMERGENCY,PIPE_A,4550,5021.8,471.8,495.8,35.8,683.9,5233.9,0.0904,0.0344,False,0.9772,0.985
EN_EMERG_003,en,EMERGENCY,PIPE_A,4585,5060.5,475.5,499.5,34.0,685.9,5270.9,0.0656,0.0249,False,0.9896,0.985
EN_EMERG_004,en,EMERGENCY,PIPE_A,4725,5195.4,470.4,494.4,35.0,676.2,5401.2,0.0746,0.0284,False,0.9705,0.985
EN_EMERG_005,en,EMERGENCY,PIPE_A,4550,5031.0,481.0,505.0,33.9,693.9,5243.9,0.0672,0.0255,False,0.9757,0.985
HI_NORM_001,hi,NORMAL,PIPE_B,4200,4563.0,774.5,798.5,33.2,984.0,5184.0,0.0727,0.0262,False,0.9946,0.988
HI_NORM_002,hi,NORMAL,PIPE_B,4095,4457.2,772.7,796.7,34.5,986.9,5081.9,0.0725,0.0261,False,0.9951,0.988
HI_NORM_003,hi,NORMAL,PIPE_B,3955,4316.7,771.7,795.7,32.8,989.0,4944.0,0.074,0.0266,False,0.9774,0.988
HI_NORM_004,hi,NORMAL,PIPE_B,3955,4311.7,760.9,784.9,32.4,975.8,4930.8,0.0798,0.0287,False,0.9913,0.988
HI_NORM_005,hi,NORMAL,PIPE_B,4060,4430.6,790.5,814.5,31.9,1006.8,5066.8,0.0838,0.0302,False,0.9972,0.988
HI_NUM_001,hi,NUMBERS,PIPE_B,3990,4354.3,777.2,801.2,34.1,995.6,4985.6,0.0642,0.0231,False,0.9871,0.988
HI_NUM_002,hi,NUMBERS,PIPE_B,3780,4118.6,722.4,746.4,36.0,939.9,4719.9,0.0757,0.0272,False,0.9936,0.988
HI_NUM_003,hi,NUMBERS,PIPE_B,4095,4461.0,780.8,804.8,35.8,997.8,5092.8,0.0729,0.0263,False,0.9788,0.988
HI_NUM_004,hi,NUMBERS,PIPE_B,3850,4202.2,751.4,775.4,36.1,972.2,4822.2,0.0719,0.0259,False,0.9859,0.988
HI_NUM_005,hi,NUMBERS,PIPE_B,3850,4190.5,726.5,750.5,34.7,940.9,4790.9,0.063,0.0227,False,0.9968,0.988
HI_COORD_001,hi,COORDINATES,PIPE_B,4690,5106.0,887.4,911.4,34.3,1101.8,5791.8,0.0687,0.0247,False,0.9963,0.988
HI_COORD_002,hi,COORDINATES,PIPE_B,4375,4761.0,823.5,847.5,33.7,1036.6,5411.6,0.0744,0.0268,False,0.9936,0.988
HI_COORD_003,hi,COORDINATES,PIPE_B,4655,5061.6,867.4,891.4,35.9,1081.2,5736.2,0.0759,0.0273,False,0.9766,0.988
HI_COORD_004,hi,COORDINATES,PIPE_B,4515,4932.4,890.4,914.4,33.8,1110.3,5625.3,0.088,0.0317,False,0.9943,0.988
HI_COORD_005,hi,COORDINATES,PIPE_B,4235,4600.0,778.6,802.6,36.0,990.6,5225.6,0.0642,0.0231,False,0.9781,0.988
HI_CALL_001,hi,CALLSIGN,PIPE_B,4235,4601.1,781.0,805.0,35.5,992.9,5227.9,0.0806,0.029,False,0.9945,0.988
HI_CALL_002,hi,CALLSIGN,PIPE_B,4130,4503.6,797.1,821.1,32.8,1012.9,5142.9,0.0805,0.029,False,0.9889,0.988
HI_CALL_003,hi,CALLSIGN,PIPE_B,4200,4562.8,773.9,797.9,34.9,985.1,5185.1,0.071,0.0256,False,0.9896,0.988
HI_CALL_004,hi,CALLSIGN,PIPE_B,4305,4682.0,804.3,828.3,31.8,1014.5,5319.5,0.0839,0.0302,False,0.996,0.988
HI_CALL_005,hi,CALLSIGN,PIPE_B,4340,4735.6,843.9,867.9,32.2,1060.2,5400.2,0.0792,0.0285,False,0.9804,0.988
HI_EMERG_001,hi,EMERGENCY,PIPE_B,4515,4903.1,827.9,851.9,35.5,1039.0,5554.0,0.0886,0.0319,False,0.9916,0.988
HI_EMERG_002,hi,EMERGENCY,PIPE_B,4375,4760.1,821.5,845.5,34.5,1035.0,5410.0,0.0799,0.0288,False,0.9882,0.988
HI_EMERG_003,hi,EMERGENCY,PIPE_B,4725,5130.3,864.6,888.6,34.2,1074.2,5799.2,0.0632,0.0227,False,0.9931,0.988
HI_EMERG_004,hi,EMERGENCY,PIPE_B,4340,4732.9,838.1,862.1,33.4,1054.5,5394.5,0.0888,0.032,False,0.9902,0.988
HI_EMERG_005,hi,EMERGENCY,PIPE_B,4235,4619.7,820.7,844.7,34.5,1038.8,5273.8,0.0833,0.03,False,0.9801,0.988
GU_NORM_001,gu,NORMAL,PIPE_B,4130,4548.1,892.0,916.0,33.1,1118.4,5248.4,0.0764,0.0275,False,0.9828,0.988
GU_NORM_002,gu,NORMAL,PIPE_B,3850,4236.9,825.4,849.4,31.9,1049.5,4899.5,0.0768,0.0277,False,0.9754,0.988
GU_NORM_003,gu,NORMAL,PIPE_B,4200,4638.3,935.1,959.1,32.2,1165.5,5365.5,0.0728,0.0262,False,0.9917,0.988
GU_NORM_004,gu,NORMAL,PIPE_B,3955,4376.7,899.7,923.7,32.9,1134.3,5089.3,0.0766,0.0276,False,0.9775,0.988
GU_NORM_005,gu,NORMAL,PIPE_B,3990,4401.8,878.4,902.4,33.9,1108.7,5098.7,0.0877,0.0316,False,0.9945,0.988
GU_NUM_001,gu,NUMBERS,PIPE_B,4130,4551.8,899.8,923.8,33.8,1128.3,5258.3,0.0765,0.0275,False,0.9932,0.988
GU_NUM_002,gu,NUMBERS,PIPE_B,3780,4158.8,808.0,832.0,34.9,1034.6,4814.6,0.0837,0.0301,False,0.9885,0.988
GU_NUM_003,gu,NUMBERS,PIPE_B,3815,4205.3,832.6,856.6,35.3,1062.8,4877.8,0.0895,0.0322,False,0.9792,0.988
GU_NUM_004,gu,NUMBERS,PIPE_B,3710,4100.7,833.6,857.6,33.5,1066.8,4776.8,0.0772,0.0278,False,0.9802,0.988
GU_NUM_005,gu,NUMBERS,PIPE_B,3780,4173.8,840.2,864.2,33.7,1071.8,4851.8,0.0866,0.0312,False,0.9901,0.988
GU_COORD_001,gu,COORDINATES,PIPE_B,4550,5025.8,1015.0,1039.0,35.3,1248.8,5798.8,0.069,0.0248,False,0.9803,0.988
GU_COORD_002,gu,COORDINATES,PIPE_B,4305,4746.5,941.8,965.8,34.9,1172.0,5477.0,0.0803,0.0289,False,0.9949,0.988
GU_COORD_003,gu,COORDINATES,PIPE_B,4270,4723.8,968.1,992.1,32.5,1201.8,5471.8,0.0845,0.0304,False,0.9926,0.988
GU_COORD_004,gu,COORDINATES,PIPE_B,4095,4532.4,933.0,957.0,35.4,1170.4,5265.4,0.0823,0.0296,False,0.9823,0.988
GU_COORD_005,gu,COORDINATES,PIPE_B,4095,4517.0,900.3,924.3,35.4,1131.9,5226.9,0.0892,0.0321,False,0.9974,0.988
GU_CALL_001,gu,CALLSIGN,PIPE_B,4270,4727.2,975.3,999.3,32.0,1209.7,5479.7,0.081,0.0292,False,0.975,0.988
GU_CALL_002,gu,CALLSIGN,PIPE_B,4130,4563.6,925.0,949.0,34.0,1158.1,5288.1,0.0842,0.0303,False,0.9824,0.988
GU_CALL_003,gu,CALLSIGN,PIPE_B,3920,4317.1,847.2,871.2,34.0,1074.7,4994.7,0.0875,0.0315,False,0.9934,0.988
GU_CALL_004,gu,CALLSIGN,PIPE_B,4060,4479.6,895.2,919.2,35.7,1127.5,5187.5,0.0744,0.0268,False,0.9834,0.988
GU_CALL_005,gu,CALLSIGN,PIPE_B,4165,4585.0,895.9,919.9,35.0,1123.6,5288.6,0.085,0.0306,False,0.9844,0.988
GU_EMERG_001,gu,EMERGENCY,PIPE_B,4550,5034.5,1033.6,1057.6,35.5,1270.6,5820.6,0.0795,0.0286,False,0.9904,0.988
GU_EMERG_002,gu,EMERGENCY,PIPE_B,4375,4817.0,943.0,967.0,35.5,1171.5,5546.5,0.0863,0.0311,False,0.9958,0.988
GU_EMERG_003,gu,EMERGENCY,PIPE_B,4410,4868.3,977.8,1001.8,35.7,1211.0,5621.0,0.0713,0.0257,False,0.9895,0.988
GU_EMERG_004,gu,EMERGENCY,PIPE_B,4305,4747.6,944.2,968.2,33.0,1173.0,5478.0,0.0743,0.0267,False,0.996,0.988
GU_EMERG_005,gu,EMERGENCY,PIPE_B,4270,4708.0,934.5,958.5,34.0,1163.9,5433.9,0.077,0.0277,False,0.997,0.988
MR_NORM_001,mr,NORMAL,PIPE_B,4060,4447.8,827.4,851.4,33.9,1041.2,5101.2,0.0814,0.0293,False,0.9861,0.988
MR_NORM_002,mr,NORMAL,PIPE_B,3955,4339.2,819.5,843.5,34.4,1036.2,4991.2,0.0843,0.0303,False,0.985,0.988
MR_NORM_003,mr,NORMAL,PIPE_B,4305,4742.6,933.5,957.5,32.8,1155.4,5460.4,0.0783,0.0282,False,0.9947,0.988
MR_NORM_004,mr,NORMAL,PIPE_B,3990,4390.0,853.4,877.4,33.3,1073.7,5063.7,0.0798,0.0287,False,0.9858,0.988
MR_NORM_005,mr,NORMAL,PIPE_B,3990,4379.7,831.5,855.5,31.9,1046.5,5036.5,0.0762,0.0274,False,0.9876,0.988
MR_NUM_001,mr,NUMBERS,PIPE_B,4095,4504.9,874.4,898.4,33.5,1094.7,5189.7,0.0797,0.0287,False,0.998,0.988
MR_NUM_002,mr,NUMBERS,PIPE_B,3920,4304.2,819.6,843.6,32.4,1035.6,4955.6,0.0852,0.0307,False,0.9898,0.988
MR_NUM_003,mr,NUMBERS,PIPE_B,4130,4521.5,835.2,859.2,34.0,1048.0,5178.0,0.0823,0.0296,False,0.9954,0.988
MR_NUM_004,mr,NUMBERS,PIPE_B,3815,4190.3,800.6,824.6,34.9,1019.7,4834.7,0.0798,0.0287,False,0.9827,0.988
MR_NUM_005,mr,NUMBERS,PIPE_B,3920,4314.4,841.4,865.4,33.5,1062.5,4982.5,0.0831,0.0299,False,0.9909,0.988
MR_COORD_001,mr,COORDINATES,PIPE_B,4760,5215.3,971.4,995.4,36.2,1187.6,5947.6,0.0704,0.0254,False,0.9839,0.988
MR_COORD_002,mr,COORDINATES,PIPE_B,4340,4770.0,917.2,941.2,36.0,1138.4,5478.4,0.0732,0.0264,False,0.9935,0.988
MR_COORD_003,mr,COORDINATES,PIPE_B,4445,4871.2,909.3,933.3,33.4,1123.2,5568.2,0.0866,0.0312,False,0.9767,0.988
MR_COORD_004,mr,COORDINATES,PIPE_B,4200,4627.4,911.8,935.8,31.9,1133.0,5333.0,0.0697,0.0251,False,0.9857,0.988
MR_COORD_005,mr,COORDINATES,PIPE_B,4130,4528.0,849.2,873.2,32.1,1062.4,5192.4,0.087,0.0313,False,0.9816,0.988
MR_CALL_001,mr,CALLSIGN,PIPE_B,4200,4616.5,888.6,912.6,31.9,1105.9,5305.9,0.089,0.032,False,0.9866,0.988
MR_CALL_002,mr,CALLSIGN,PIPE_B,4165,4567.4,858.5,882.5,32.1,1072.2,5237.2,0.0722,0.026,False,0.9754,0.988
MR_CALL_003,mr,CALLSIGN,PIPE_B,4060,4467.4,869.0,893.0,32.3,1088.5,5148.5,0.0746,0.0268,False,0.9912,0.988
MR_CALL_004,mr,CALLSIGN,PIPE_B,4060,4462.9,859.4,883.4,35.5,1080.4,5140.4,0.0692,0.0249,False,0.9956,0.988
MR_CALL_005,mr,CALLSIGN,PIPE_B,4130,4546.9,889.3,913.3,33.2,1110.6,5240.6,0.0636,0.0229,False,0.9885,0.988
MR_EMERG_001,mr,EMERGENCY,PIPE_B,4550,4986.3,930.7,954.7,32.9,1144.1,5694.1,0.0799,0.0288,False,0.984,0.988
MR_EMERG_002,mr,EMERGENCY,PIPE_B,4375,4796.9,900.1,924.1,34.7,1116.0,5491.0,0.0815,0.0293,False,0.9756,0.988
MR_EMERG_003,mr,EMERGENCY,PIPE_B,4550,4982.6,923.0,947.0,35.7,1137.9,5687.9,0.0762,0.0274,False,0.996,0.988
MR_EMERG_004,mr,EMERGENCY,PIPE_B,4200,4599.8,853.0,877.0,33.5,1065.9,5265.9,0.0757,0.0273,False,0.9829,0.988
MR_EMERG_005,mr,EMERGENCY,PIPE_B,4305,4735.1,917.6,941.6,34.4,1138.6,5443.6,0.0677,0.0244,False,0.9854,0.988
KN_NORM_001,kn,NORMAL,PIPE_B,4270,4728.4,977.9,1001.9,32.0,1209.4,5479.4,0.0845,0.0304,False,0.978,0.988
KN_NORM_002,kn,NORMAL,PIPE_B,4340,4804.1,990.0,1014.0,32.6,1221.6,5561.6,0.0872,0.0314,False,0.9763,0.988
KN_NORM_003,kn,NORMAL,PIPE_B,4515,5008.6,1053.1,1077.1,35.8,1291.4,5806.4,0.0885,0.0319,False,0.9931,0.988
KN_NORM_004,kn,NORMAL,PIPE_B,3990,4438.5,956.7,980.7,35.7,1199.7,5189.7,0.073,0.0263,False,0.9775,0.988
KN_NORM_005,kn,NORMAL,PIPE_B,3815,4234.3,894.5,918.5,35.0,1133.1,4948.1,0.0754,0.0271,False,0.9954,0.988
KN_NUM_001,kn,NUMBERS,PIPE_B,4375,4841.3,994.7,1018.7,35.3,1228.4,5603.4,0.0875,0.0315,False,0.9908,0.988
KN_NUM_002,kn,NUMBERS,PIPE_B,4130,4601.5,1005.9,1029.9,33.4,1249.2,5379.2,0.0771,0.0278,False,0.9976,0.988
KN_NUM_003,kn,NUMBERS,PIPE_B,4095,4562.6,997.5,1021.5,34.0,1241.5,5336.5,0.0638,0.023,False,0.9868,0.988
KN_NUM_004,kn,NUMBERS,PIPE_B,3920,4359.3,937.1,961.1,32.4,1176.3,5096.3,0.0736,0.0265,False,0.979,0.988
KN_NUM_005,kn,NUMBERS,PIPE_B,3745,4151.0,866.1,890.1,35.2,1102.5,4847.5,0.0836,0.0301,False,0.9887,0.988
KN_COORD_001,kn,COORDINATES,PIPE_B,5005,5576.7,1219.7,1243.7,33.8,1463.6,6468.6,0.087,0.0313,False,0.9857,0.988
KN_COORD_002,kn,COORDINATES,PIPE_B,4620,5126.5,1080.4,1104.4,34.1,1317.6,5937.6,0.0844,0.0304,False,0.9959,0.988
KN_COORD_003,kn,COORDINATES,PIPE_B,4585,5073.5,1042.1,1066.1,32.4,1272.9,5857.9,0.0706,0.0254,False,0.9885,0.988
KN_COORD_004,kn,COORDINATES,PIPE_B,4375,4844.2,1001.0,1025.0,33.0,1233.4,5608.4,0.0771,0.0277,False,0.981,0.988
KN_COORD_005,kn,COORDINATES,PIPE_B,4480,4993.3,1095.0,1119.0,33.0,1338.6,5818.6,0.0855,0.0308,False,0.977,0.988
KN_CALL_001,kn,CALLSIGN,PIPE_B,4375,4870.7,1057.4,1081.4,34.1,1300.1,5675.1,0.0834,0.03,False,0.9773,0.988
KN_CALL_002,kn,CALLSIGN,PIPE_B,4340,4828.3,1041.7,1065.7,35.3,1284.5,5624.5,0.0723,0.026,False,0.986,0.988
KN_CALL_003,kn,CALLSIGN,PIPE_B,4585,5106.1,1111.7,1135.7,33.3,1354.2,5939.2,0.0822,0.0296,False,0.9757,0.988
KN_CALL_004,kn,CALLSIGN,PIPE_B,4200,4681.6,1027.3,1051.3,34.2,1272.2,5472.2,0.0694,0.025,False,0.9973,0.988
KN_CALL_005,kn,CALLSIGN,PIPE_B,4130,4578.1,955.9,979.9,34.3,1191.5,5321.5,0.0653,0.0235,False,0.9971,0.988
KN_EMERG_001,kn,EMERGENCY,PIPE_B,4830,5345.4,1099.5,1123.5,33.6,1331.7,6161.7,0.0668,0.024,False,0.9837,0.988
KN_EMERG_002,kn,EMERGENCY,PIPE_B,4725,5253.3,1127.0,1151.0,35.4,1368.7,6093.7,0.0823,0.0296,False,0.9892,0.988
KN_EMERG_003,kn,EMERGENCY,PIPE_B,4655,5162.7,1083.2,1107.2,34.8,1320.2,5975.2,0.0663,0.0239,False,0.9777,0.988
KN_EMERG_004,kn,EMERGENCY,PIPE_B,4585,5110.6,1121.4,1145.4,35.6,1367.7,5952.7,0.082,0.0295,False,0.9957,0.988
KN_EMERG_005,kn,EMERGENCY,PIPE_B,4305,4786.3,1026.8,1050.8,34.9,1268.0,5573.0,0.0701,0.0252,False,0.9945,0.988
ML_NORM_001,ml,NORMAL,PIPE_B,4620,5107.2,1039.4,1063.4,32.2,1258.2,5878.2,0.0847,0.0305,False,0.9766,0.988
ML_NORM_002,ml,NORMAL,PIPE_B,4130,4574.4,948.1,972.1,33.4,1171.3,5301.3,0.0857,0.0308,False,0.9934,0.988
ML_NORM_003,ml,NORMAL,PIPE_B,4095,4537.2,943.5,967.5,33.0,1166.8,5261.8,0.0797,0.0287,False,0.9772,0.988
ML_NORM_004,ml,NORMAL,PIPE_B,4165,4601.6,931.4,955.4,32.8,1149.9,5314.9,0.0782,0.0281,False,0.9825,0.988
ML_NORM_005,ml,NORMAL,PIPE_B,3990,4410.1,896.1,920.1,32.7,1115.2,5105.2,0.0846,0.0305,False,0.995,0.988
ML_NUM_001,ml,NUMBERS,PIPE_B,4165,4587.9,902.1,926.1,33.2,1116.3,5281.3,0.0735,0.0265,False,0.9973,0.988
ML_NUM_002,ml,NUMBERS,PIPE_B,4550,5023.9,1011.0,1035.0,33.2,1228.9,5778.9,0.0846,0.0304,False,0.9803,0.988
ML_NUM_003,ml,NUMBERS,PIPE_B,4200,4641.4,941.7,965.7,34.0,1161.8,5361.8,0.0879,0.0317,False,0.9963,0.988
ML_NUM_004,ml,NUMBERS,PIPE_B,3850,4261.5,877.9,901.9,32.3,1099.0,4949.0,0.0759,0.0273,False,0.9942,0.988
ML_NUM_005,ml,NUMBERS,PIPE_B,3990,4397.6,869.6,893.6,34.7,1086.2,5076.2,0.0642,0.0231,False,0.9921,0.988
ML_COORD_001,ml,COORDINATES,PIPE_B,5215,5780.4,1206.1,1230.1,35.6,1432.6,6647.6,0.0641,0.0231,False,0.9956,0.988
ML_COORD_002,ml,COORDINATES,PIPE_B,4935,5472.8,1147.2,1171.2,33.8,1372.7,6307.7,0.0845,0.0304,False,0.983,0.988
ML_COORD_003,ml,COORDINATES,PIPE_B,4795,5280.1,1034.8,1058.8,34.9,1250.2,6045.2,0.0739,0.0266,False,0.9831,0.988
ML_COORD_004,ml,COORDINATES,PIPE_B,4270,4705.9,929.9,953.9,35.0,1146.7,5416.7,0.0879,0.0316,False,0.9862,0.988
ML_COORD_005,ml,COORDINATES,PIPE_B,4795,5300.2,1077.8,1101.8,33.6,1297.9,6092.9,0.0835,0.0301,False,0.9878,0.988
ML_CALL_001,ml,CALLSIGN,PIPE_B,4340,4804.6,991.2,1015.2,32.2,1212.4,5552.4,0.0668,0.0241,False,0.9854,0.988
ML_CALL_002,ml,CALLSIGN,PIPE_B,4830,5328.6,1063.6,1087.6,35.1,1282.2,6112.2,0.0701,0.0252,False,0.9812,0.988
ML_CALL_003,ml,CALLSIGN,PIPE_B,4235,4662.4,911.7,935.7,33.0,1124.9,5359.9,0.0884,0.0318,False,0.9871,0.988
ML_CALL_004,ml,CALLSIGN,PIPE_B,4410,4856.5,952.4,976.4,32.7,1165.8,5575.8,0.0876,0.0315,False,0.9899,0.988
ML_CALL_005,ml,CALLSIGN,PIPE_B,4270,4707.2,932.7,956.7,33.8,1148.8,5418.8,0.0664,0.0239,False,0.9897,0.988
ML_EMERG_001,ml,EMERGENCY,PIPE_B,4620,5092.1,1007.2,1031.2,34.3,1223.5,5843.5,0.0792,0.0285,False,0.9849,0.988
ML_EMERG_002,ml,EMERGENCY,PIPE_B,4550,5012.3,986.3,1010.3,36.2,1203.6,5753.6,0.0797,0.0287,False,0.9767,0.988
ML_EMERG_003,ml,EMERGENCY,PIPE_B,4410,4865.9,972.6,996.6,35.2,1191.5,5601.5,0.0643,0.0231,False,0.9802,0.988
ML_EMERG_004,ml,EMERGENCY,PIPE_B,4410,4886.9,1017.3,1041.3,32.0,1239.7,5649.7,0.08,0.0288,False,0.978,0.988
ML_EMERG_005,ml,EMERGENCY,PIPE_B,4445,4918.1,1009.3,1033.3,32.9,1230.2,5675.2,0.0744,0.0268,False,0.9911,0.988
TA_NORM_001,ta,NORMAL,PIPE_B,4480,4965.6,1035.9,1059.9,35.4,1275.2,5755.2,0.0843,0.0303,False,0.9811,0.988
TA_NORM_002,ta,NORMAL,PIPE_B,4725,5218.0,1051.8,1075.8,33.4,1282.8,6007.8,0.0835,0.0301,False,0.977,0.988
TA_NORM_003,ta,NORMAL,PIPE_B,4655,5162.7,1083.1,1107.1,33.2,1321.3,5976.3,0.0809,0.0291,False,0.987,0.988
TA_NORM_004,ta,NORMAL,PIPE_B,4270,4721.6,963.3,987.3,34.0,1197.1,5467.1,0.0863,0.0311,False,0.9969,0.988
TA_NORM_005,ta,NORMAL,PIPE_B,4200,4658.2,977.4,1001.4,33.5,1215.9,5415.9,0.0746,0.0268,False,0.997,0.988
TA_NUM_001,ta,NUMBERS,PIPE_B,4550,5024.8,1012.8,1036.8,34.1,1244.6,5794.6,0.067,0.0241,False,0.9872,0.988
TA_NUM_002,ta,NUMBERS,PIPE_B,4410,4870.1,981.5,1005.5,35.9,1215.0,5625.0,0.0872,0.0314,False,0.9859,0.988
TA_NUM_003,ta,NUMBERS,PIPE_B,4410,4883.4,1010.0,1034.0,32.8,1245.2,5655.2,0.0677,0.0244,False,0.9858,0.988
TA_NUM_004,ta,NUMBERS,PIPE_B,4025,4442.3,890.2,914.2,32.5,1119.4,5144.4,0.0735,0.0264,False,0.9948,0.988
TA_NUM_005,ta,NUMBERS,PIPE_B,3815,4214.2,851.6,875.6,35.6,1085.4,4900.4,0.0771,0.0278,False,0.9778,0.988
TA_COORD_001,ta,COORDINATES,PIPE_B,5600,6177.8,1232.7,1256.7,35.8,1464.5,7064.5,0.0634,0.0228,False,0.9755,0.988
TA_COORD_002,ta,COORDINATES,PIPE_B,4830,5349.0,1107.2,1131.2,33.7,1343.4,6173.4,0.0859,0.0309,False,0.9931,0.988
TA_COORD_003,ta,COORDINATES,PIPE_B,4970,5485.0,1098.7,1122.7,34.5,1329.8,6299.8,0.069,0.0248,False,0.9946,0.988
TA_COORD_004,ta,COORDINATES,PIPE_B,4620,5106.2,1037.1,1061.1,34.9,1271.1,5891.1,0.0632,0.0227,False,0.9914,0.988
TA_COORD_005,ta,COORDINATES,PIPE_B,4795,5295.8,1068.4,1092.4,35.0,1301.2,6096.2,0.0746,0.0269,False,0.9853,0.988
TA_CALL_001,ta,CALLSIGN,PIPE_B,4830,5356.3,1122.8,1146.8,33.2,1360.7,6190.7,0.069,0.0248,False,0.985,0.988
TA_CALL_002,ta,CALLSIGN,PIPE_B,4690,5201.7,1091.6,1115.6,33.4,1329.9,6019.9,0.0727,0.0262,False,0.9912,0.988
TA_CALL_003,ta,CALLSIGN,PIPE_B,4445,4902.5,975.9,999.9,32.7,1204.1,5649.1,0.0706,0.0254,False,0.9946,0.988
TA_CALL_004,ta,CALLSIGN,PIPE_B,4620,5119.2,1065.0,1089.0,34.3,1302.7,5922.7,0.0859,0.0309,False,0.983,0.988
TA_CALL_005,ta,CALLSIGN,PIPE_B,4375,4835.4,982.1,1006.1,32.3,1213.4,5588.4,0.0793,0.0286,False,0.9861,0.988
TA_EMERG_001,ta,EMERGENCY,PIPE_B,5145,5679.8,1140.9,1164.9,35.6,1373.5,6518.5,0.0792,0.0285,False,0.9935,0.988
TA_EMERG_002,ta,EMERGENCY,PIPE_B,4445,4904.7,980.8,1004.8,34.4,1211.4,5656.4,0.086,0.031,False,0.9833,0.988
TA_EMERG_003,ta,EMERGENCY,PIPE_B,4970,5520.2,1173.8,1197.8,32.7,1413.9,6383.9,0.0786,0.0283,False,0.9951,0.988
TA_EMERG_004,ta,EMERGENCY,PIPE_B,4865,5393.4,1127.2,1151.2,32.7,1364.2,6229.2,0.0882,0.0318,False,0.9941,0.988
TA_EMERG_005,ta,EMERGENCY,PIPE_B,4655,5153.1,1062.5,1086.5,35.3,1299.6,5954.6,0.0732,0.0263,False,0.9867,0.988
TE_NORM_001,te,NORMAL,PIPE_B,4585,5031.5,952.5,976.5,33.2,1170.1,5755.1,0.0777,0.028,False,0.9864,0.988
TE_NORM_002,te,NORMAL,PIPE_B,4480,4928.3,956.4,980.4,34.5,1179.4,5659.4,0.0842,0.0303,False,0.9889,0.988
TE_NORM_003,te,NORMAL,PIPE_B,4690,5160.5,1003.7,1027.7,34.8,1227.3,5917.3,0.0688,0.0248,False,0.9754,0.988
TE_NORM_004,te,NORMAL,PIPE_B,4130,4526.7,846.2,870.2,32.9,1061.5,5191.5,0.0833,0.03,False,0.9848,0.988
TE_NORM_005,te,NORMAL,PIPE_B,4060,4479.6,895.1,919.1,32.6,1121.2,5181.2,0.078,0.0281,False,0.9782,0.988
TE_NUM_001,te,NUMBERS,PIPE_B,4620,5066.6,952.7,976.7,32.7,1168.6,5788.6,0.0801,0.0289,False,0.9962,0.988
TE_NUM_002,te,NUMBERS,PIPE_B,4270,4695.7,908.2,932.2,33.7,1129.9,5399.9,0.0738,0.0266,False,0.996,0.988
TE_NUM_003,te,NUMBERS,PIPE_B,4340,4782.4,943.9,967.9,32.8,1168.0,5508.0,0.0732,0.0263,False,0.9948,0.988
TE_NUM_004,te,NUMBERS,PIPE_B,3815,4194.8,810.2,834.2,35.3,1033.2,4848.2,0.0721,0.0259,False,0.9926,0.988
TE_NUM_005,te,NUMBERS,PIPE_B,3885,4258.2,796.2,820.2,33.3,1011.9,4896.9,0.0801,0.0289,False,0.9913,0.988
TE_COORD_001,te,COORDINATES,PIPE_B,5285,5830.6,1163.9,1187.9,32.2,1389.3,6674.3,0.0853,0.0307,False,0.9789,0.988
TE_COORD_002,te,COORDINATES,PIPE_B,4935,5432.8,1062.0,1086.0,34.2,1286.0,6221.0,0.0739,0.0266,False,0.9965,0.988
TE_COORD_003,te,COORDINATES,PIPE_B,4830,5293.3,988.3,1012.3,32.9,1203.3,6033.3,0.0877,0.0316,False,0.9808,0.988
TE_COORD_004,te,COORDINATES,PIPE_B,4585,5039.1,968.7,992.7,33.8,1189.4,5774.4,0.0774,0.0279,False,0.9908,0.988
TE_COORD_005,te,COORDINATES,PIPE_B,4410,4860.5,961.0,985.0,34.9,1187.5,5597.5,0.0801,0.0288,False,0.9896,0.988
TE_CALL_001,te,CALLSIGN,PIPE_B,4445,4882.0,932.3,956.3,32.0,1150.1,5595.1,0.0652,0.0235,False,0.9784,0.988
TE_CALL_002,te,CALLSIGN,PIPE_B,4445,4879.2,926.3,950.3,33.9,1145.1,5590.1,0.0685,0.0246,False,0.9775,0.988
TE_CALL_003,te,CALLSIGN,PIPE_B,4480,4928.1,955.9,979.9,35.5,1179.8,5659.8,0.0814,0.0293,False,0.9963,0.988
TE_CALL_004,te,CALLSIGN,PIPE_B,4270,4687.1,889.9,913.9,33.5,1108.3,5378.3,0.0858,0.0309,False,0.9836,0.988
TE_CALL_005,te,CALLSIGN,PIPE_B,4165,4576.6,878.1,902.1,32.2,1096.8,5261.8,0.0765,0.0275,False,0.9757,0.988
TE_EMERG_001,te,EMERGENCY,PIPE_B,4655,5124.8,1002.3,1026.3,34.4,1226.5,5881.5,0.0667,0.024,False,0.9855,0.988
TE_EMERG_002,te,EMERGENCY,PIPE_B,4725,5181.5,973.8,997.8,35.4,1192.4,5917.4,0.0858,0.0309,False,0.9891,0.988
TE_EMERG_003,te,EMERGENCY,PIPE_B,4795,5258.0,987.8,1011.8,34.9,1205.9,6000.9,0.086,0.031,False,0.9934,0.988
TE_EMERG_004,te,EMERGENCY,PIPE_B,4655,5135.6,1025.2,1049.2,34.4,1252.9,5907.9,0.0771,0.0278,False,0.9962,0.988
TE_EMERG_005,te,EMERGENCY,PIPE_B,4585,5036.8,963.7,987.7,35.6,1185.5,5770.5,0.0733,0.0264,False,0.9955,0.988
OR_NORM_001,or,NORMAL,PIPE_B,4270,4765.0,1056.0,1080.0,33.7,1292.9,5562.9,0.1069,0.0385,False,0.9861,0.988
OR_NORM_002,or,NORMAL,PIPE_B,4130,4617.6,1040.2,1064.2,35.2,1281.7,5411.7,0.1017,0.0366,False,0.991,0.988
OR_NORM_003,or,NORMAL,PIPE_B,4305,4838.6,1138.4,1162.4,32.8,1386.0,5691.0,0.1145,0.0412,False,0.9853,0.988
OR_NORM_004,or,NORMAL,PIPE_B,3955,4441.6,1038.0,1062.0,32.6,1284.1,5239.1,0.1104,0.0398,False,0.9928,0.988
OR_NORM_005,or,NORMAL,PIPE_B,4340,4867.2,1124.7,1148.7,34.9,1370.7,5710.7,0.1186,0.0427,False,0.9878,0.988
OR_NUM_001,or,NUMBERS,PIPE_B,4165,4654.9,1045.2,1069.2,34.6,1285.5,5450.5,0.1159,0.0417,False,0.9764,0.988
OR_NUM_002,or,NUMBERS,PIPE_B,3920,4393.9,1010.9,1034.9,35.2,1256.4,5176.4,0.1168,0.0421,False,0.9754,0.988
OR_NUM_003,or,NUMBERS,PIPE_B,4060,4530.4,1003.6,1027.6,33.5,1240.2,5300.2,0.1141,0.0411,False,0.9937,0.988
OR_NUM_004,or,NUMBERS,PIPE_B,3885,4352.9,998.3,1022.3,31.9,1239.9,5124.9,0.1129,0.0406,False,0.981,0.988
OR_NUM_005,or,NUMBERS,PIPE_B,3850,4312.8,987.3,1011.3,33.5,1230.2,5080.2,0.1033,0.0372,False,0.9843,0.988
OR_COORD_001,or,COORDINATES,PIPE_B,4830,5427.5,1274.6,1298.6,31.9,1521.0,6351.0,0.1023,0.0368,False,0.9891,0.988
OR_COORD_002,or,COORDINATES,PIPE_B,4620,5168.1,1169.2,1193.2,33.2,1409.5,6029.5,0.1081,0.0389,False,0.9932,0.988
OR_COORD_003,or,COORDINATES,PIPE_B,4340,4866.1,1122.4,1146.4,35.2,1368.4,5708.4,0.1104,0.0397,False,0.9937,0.988
OR_COORD_004,or,COORDINATES,PIPE_B,4270,4772.9,1072.8,1096.8,34.5,1313.2,5583.2,0.1183,0.0426,False,0.9894,0.988
OR_COORD_005,or,COORDINATES,PIPE_B,4515,5056.0,1154.2,1178.2,33.5,1396.6,5911.6,0.1158,0.0417,False,0.9915,0.988
OR_CALL_001,or,CALLSIGN,PIPE_B,4445,4982.1,1145.9,1169.9,31.9,1388.0,5833.0,0.1116,0.0402,False,0.983,0.988
OR_CALL_002,or,CALLSIGN,PIPE_B,4165,4658.0,1051.6,1075.6,36.1,1294.4,5459.4,0.1152,0.0415,False,0.9905,0.988
OR_CALL_003,or,CALLSIGN,PIPE_B,4200,4694.6,1055.2,1079.2,33.7,1294.8,5494.8,0.1191,0.0429,False,0.9766,0.988
OR_CALL_004,or,CALLSIGN,PIPE_B,4270,4787.4,1103.9,1127.9,32.9,1347.6,5617.6,0.1007,0.0363,False,0.987,0.988
OR_CALL_005,or,CALLSIGN,PIPE_B,4025,4503.6,1021.0,1045.0,35.3,1263.8,5288.8,0.1017,0.0366,False,0.9761,0.988
OR_EMERG_001,or,EMERGENCY,PIPE_B,4620,5168.8,1170.8,1194.8,33.1,1411.2,6031.2,0.1052,0.0379,False,0.998,0.988
OR_EMERG_002,or,EMERGENCY,PIPE_B,4375,4904.7,1130.1,1154.1,34.9,1375.7,5750.7,0.11,0.0396,False,0.9853,0.988
OR_EMERG_003,or,EMERGENCY,PIPE_B,4830,5415.4,1248.8,1272.8,31.8,1491.5,6321.5,0.1041,0.0375,False,0.9975,0.988
OR_EMERG_004,or,EMERGENCY,PIPE_B,4620,5150.5,1131.8,1155.8,32.9,1366.3,5986.3,0.1005,0.0362,False,0.9872,0.988
OR_EMERG_005,or,EMERGENCY,PIPE_B,4235,4759.1,1118.1,1142.1,33.2,1365.8,5600.8,0.1186,0.0427,False,0.988,0.988
BN_NORM_001,bn,NORMAL,PIPE_B,4270,4680.9,876.7,900.7,36.0,1094.5,5364.5,0.0625,0.0225,False,0.9832,0.988
BN_NORM_002,bn,NORMAL,PIPE_B,4130,4544.3,883.7,907.7,36.0,1107.7,5237.7,0.0724,0.0261,False,0.9901,0.988
BN_NORM_003,bn,NORMAL,PIPE_B,4375,4800.1,906.8,930.8,33.8,1123.7,5498.7,0.0634,0.0228,False,0.9877,0.988
BN_NORM_004,bn,NORMAL,PIPE_B,3815,4181.8,782.4,806.4,32.8,996.9,4811.9,0.0768,0.0276,False,0.9955,0.988
BN_NORM_005,bn,NORMAL,PIPE_B,4305,4726.1,898.3,922.3,32.3,1114.7,5419.7,0.0858,0.0309,False,0.9848,0.988
BN_NUM_001,bn,NUMBERS,PIPE_B,4060,4471.4,877.7,901.7,34.6,1101.8,5161.8,0.0824,0.0297,False,0.9945,0.988
BN_NUM_002,bn,NUMBERS,PIPE_B,4130,4528.3,849.7,873.7,32.2,1064.0,5194.0,0.0762,0.0274,False,0.9794,0.988
BN_NUM_003,bn,NUMBERS,PIPE_B,3990,4385.2,843.0,867.0,32.8,1061.9,5051.9,0.0807,0.0291,False,0.983,0.988
BN_NUM_004,bn,NUMBERS,PIPE_B,3955,4345.4,832.9,856.9,33.0,1051.5,5006.5,0.074,0.0266,False,0.9896,0.988
BN_NUM_005,bn,NUMBERS,PIPE_B,4130,4542.7,880.4,904.4,32.1,1099.9,5229.9,0.0864,0.0311,False,0.9945,0.988
BN_COORD_001,bn,COORDINATES,PIPE_B,4900,5398.4,1063.3,1087.3,34.9,1288.3,6188.3,0.064,0.023,False,0.9938,0.988
BN_COORD_002,bn,COORDINATES,PIPE_B,4480,4916.5,931.2,955.2,34.1,1148.9,5628.9,0.0736,0.0265,False,0.9804,0.988
BN_COORD_003,bn,COORDINATES,PIPE_B,4410,4841.2,919.9,943.9,33.4,1137.4,5547.4,0.0796,0.0286,False,0.9947,0.988
BN_COORD_004,bn,COORDINATES,PIPE_B,4305,4714.3,873.1,897.1,35.8,1089.0,5394.0,0.0884,0.0318,False,0.9795,0.988
BN_COORD_005,bn,COORDINATES,PIPE_B,4445,4868.8,904.2,928.2,35.7,1120.4,5565.4,0.0733,0.0264,False,0.9782,0.988
BN_CALL_001,bn,CALLSIGN,PIPE_B,4445,4898.0,966.4,990.4,34.4,1191.2,5636.2,0.0686,0.0247,False,0.9769,0.988
BN_CALL_002,bn,CALLSIGN,PIPE_B,4165,4581.3,888.1,912.1,31.9,1107.4,5272.4,0.0659,0.0237,False,0.9879,0.988
BN_CALL_003,bn,CALLSIGN,PIPE_B,4095,4511.9,889.3,913.3,34.6,1114.2,5209.2,0.074,0.0266,False,0.9798,0.988
BN_CALL_004,bn,CALLSIGN,PIPE_B,4305,4741.0,930.0,954.0,34.3,1153.7,5458.7,0.079,0.0284,False,0.9838,0.988
BN_CALL_005,bn,CALLSIGN,PIPE_B,4200,4608.1,870.6,894.6,35.6,1089.4,5289.4,0.0641,0.0231,False,0.9946,0.988
BN_EMERG_001,bn,EMERGENCY,PIPE_B,4480,4921.1,940.9,964.9,33.7,1159.8,5639.8,0.0829,0.0299,False,0.987,0.988
BN_EMERG_002,bn,EMERGENCY,PIPE_B,4270,4676.1,866.4,890.4,33.9,1080.4,5350.4,0.087,0.0313,False,0.9784,0.988
BN_EMERG_003,bn,EMERGENCY,PIPE_B,4760,5213.2,966.8,990.8,35.7,1182.7,5942.7,0.0895,0.0322,False,0.9779,0.988
BN_EMERG_004,bn,EMERGENCY,PIPE_B,4340,4775.7,929.4,953.4,33.2,1150.7,5490.7,0.0844,0.0304,False,0.9949,0.988
BN_EMERG_005,bn,EMERGENCY,PIPE_B,4305,4747.3,943.5,967.5,33.9,1169.0,5474.0,0.0627,0.0226,False,0.9947,0.988
EN_NORM_001,en,NORMAL,PIPE_B,4690,5036.7,739.7,763.7,33.5,942.6,5632.6,0.0828,0.0298,False,0.9854,0.988
EN_NORM_002,en,NORMAL,PIPE_B,4235,4561.1,695.6,719.6,35.3,905.8,5140.8,0.0632,0.0228,False,0.9783,0.988
EN_NORM_003,en,NORMAL,PIPE_B,4235,4565.5,705.1,729.1,34.2,916.0,5151.0,0.0809,0.0291,False,0.9894,0.988
EN_NORM_004,en,NORMAL,PIPE_B,4515,4847.3,709.0,733.0,34.7,912.4,5427.4,0.0759,0.0273,False,0.9904,0.988
EN_NORM_005,en,NORMAL,PIPE_B,4130,4446.5,675.3,699.3,34.4,884.0,5014.0,0.0623,0.0224,False,0.9932,0.988
EN_NUM_001,en,NUMBERS,PIPE_B,4305,4640.3,715.4,739.4,32.1,924.0,5229.0,0.0644,0.0232,False,0.9832,0.988
EN_NUM_002,en,NUMBERS,PIPE_B,4165,4472.4,655.8,679.8,32.4,857.4,5022.4,0.0802,0.0289,False,0.9854,0.988
EN_NUM_003,en,NUMBERS,PIPE_B,4410,4737.1,697.8,721.8,33.7,901.3,5311.3,0.0823,0.0296,False,0.9836,0.988
EN_NUM_004,en,NUMBERS,PIPE_B,3850,4144.9,629.1,653.1,33.6,836.8,4686.8,0.0786,0.0283,False,0.98,0.988
EN_NUM_005,en,NUMBERS,PIPE_B,4235,4553.9,680.3,704.3,34.8,886.9,5121.9,0.0842,0.0303,False,0.9845,0.988
EN_COORD_001,en,COORDINATES,PIPE_B,5250,5646.9,846.7,870.7,34.5,1053.7,6303.7,0.0896,0.0323,False,0.9979,0.988
EN_COORD_002,en,COORDINATES,PIPE_B,4655,5014.5,766.9,790.9,33.9,976.1,5631.1,0.0842,0.0303,False,0.9828,0.988
EN_COORD_003,en,COORDINATES,PIPE_B,4935,5309.6,799.2,823.2,32.2,1004.3,5939.3,0.065,0.0234,False,0.9788,0.988
EN_COORD_004,en,COORDINATES,PIPE_B,4585,4940.5,758.5,782.5,32.2,966.5,5551.5,0.0876,0.0315,False,0.9867,0.988
EN_COORD_005,en,COORDINATES,PIPE_B,4445,4779.8,714.2,738.2,34.6,920.7,5365.7,0.0779,0.028,False,0.9969,0.988
EN_CALL_001,en,CALLSIGN,PIPE_B,4270,4608.0,721.0,745.0,33.1,932.9,5202.9,0.0714,0.0257,False,0.9792,0.988
EN_CALL_002,en,CALLSIGN,PIPE_B,4305,4645.7,726.8,750.8,33.1,938.7,5243.7,0.0741,0.0267,False,0.9909,0.988
EN_CALL_003,en,CALLSIGN,PIPE_B,4550,4900.5,747.8,771.8,35.7,958.5,5508.5,0.076,0.0274,False,0.9972,0.988
EN_CALL_004,en,CALLSIGN,PIPE_B,4305,4637.4,709.0,733.0,33.9,918.2,5223.2,0.0719,0.0259,False,0.9978,0.988
EN_CALL_005,en,CALLSIGN,PIPE_B,4480,4824.5,735.0,759.0,35.3,945.1,5425.1,0.0711,0.0256,False,0.99,0.988
EN_EMERG_001,en,EMERGENCY,PIPE_B,4830,5211.4,813.6,837.6,32.0,1024.0,5854.0,0.0806,0.029,False,0.9924,0.988
EN_EMERG_002,en,EMERGENCY,PIPE_B,4550,4898.2,742.9,766.9,34.3,951.2,5501.2,0.0726,0.0261,False,0.9883,0.988
EN_EMERG_003,en,EMERGENCY,PIPE_B,4585,4937.3,751.5,775.5,32.2,958.4,5543.4,0.0668,0.0241,False,0.9806,0.988
EN_EMERG_004,en,EMERGENCY,PIPE_B,4725,5090.2,779.0,803.0,34.1,988.6,5713.6,0.0675,0.0243,False,0.981,0.988
EN_EMERG_005,en,EMERGENCY,PIPE_B,4550,4887.3,719.5,743.5,31.8,921.0,5471.0,0.0764,0.0275,False,0.9857,0.988
HI_NORM_001,hi,NORMAL,PIPE_C,4200,359.5,238.9,256.9,31.1,430.9,4630.9,0.0803,0.0273,False,0.9988,0.992
HI_NORM_002,hi,NORMAL,PIPE_C,4095,344.8,241.5,259.5,31.2,432.2,4527.2,0.0583,0.0198,False,0.9852,0.992
HI_NORM_003,hi,NORMAL,PIPE_C,3955,344.2,235.8,253.8,30.7,421.2,4376.2,0.0675,0.023,False,0.9926,0.992
HI_NORM_004,hi,NORMAL,PIPE_C,3955,351.6,224.6,242.6,32.4,413.0,4368.0,0.0817,0.0278,False,0.9982,0.992
HI_NORM_005,hi,NORMAL,PIPE_C,4060,333.1,239.5,257.5,32.0,431.7,4491.7,0.0634,0.0216,False,0.9888,0.992
HI_NUM_001,hi,NUMBERS,PIPE_C,3990,359.2,222.8,240.8,30.4,407.1,4397.1,0.0685,0.0233,False,0.9902,0.992
HI_NUM_002,hi,NUMBERS,PIPE_C,3780,328.5,224.9,242.9,31.4,413.3,4193.3,0.0657,0.0223,False,0.9864,0.992
HI_NUM_003,hi,NUMBERS,PIPE_C,4095,343.2,240.3,258.3,32.2,433.3,4528.3,0.0841,0.0286,False,0.9873,0.992
HI_NUM_004,hi,NUMBERS,PIPE_C,3850,343.4,230.3,248.3,31.1,420.5,4270.5,0.0846,0.0287,False,0.9955,0.992
HI_NUM_005,hi,NUMBERS,PIPE_C,3850,342.2,239.0,257.0,30.6,424.4,4274.4,0.0757,0.0257,False,0.9842,0.992
HI_COORD_001,hi,COORDINATES,PIPE_C,4690,331.2,241.4,259.4,32.6,427.3,5117.3,0.0719,0.0245,False,0.9972,0.992
HI_COORD_002,hi,COORDINATES,PIPE_C,4375,356.3,223.0,241.0,32.0,414.9,4789.9,0.0604,0.0205,False,0.9825,0.992
HI_COORD_003,hi,COORDINATES,PIPE_C,4655,341.7,234.6,252.6,32.5,427.8,5082.8,0.0694,0.0236,False,0.9917,0.992
HI_COORD_004,hi,COORDINATES,PIPE_C,4515,363.5,232.7,250.7,30.7,420.6,4935.6,0.077,0.0262,False,0.9998,0.992
HI_COORD_005,hi,COORDINATES,PIPE_C,4235,329.0,222.4,240.4,31.0,412.3,4647.3,0.0759,0.0258,False,0.998,0.992
HI_CALL_001,hi,CALLSIGN,PIPE_C,4235,320.2,231.9,249.9,31.9,422.5,4657.5,0.0818,0.0278,False,0.998,0.992
HI_CALL_002,hi,CALLSIGN,PIPE_C,4130,338.3,237.6,255.6,30.8,424.8,4554.8,0.0601,0.0204,False,0.9903,0.992
HI_CALL_003,hi,CALLSIGN,PIPE_C,4200,350.5,225.5,243.5,33.1,412.1,4612.1,0.0689,0.0234,False,0.9952,0.992
HI_CALL_004,hi,CALLSIGN,PIPE_C,4305,357.3,236.7,254.7,33.2,424.4,4729.4,0.0601,0.0204,False,0.9888,0.992
HI_CALL_005,hi,CALLSIGN,PIPE_C,4340,343.2,229.4,247.4,31.5,422.6,4762.6,0.0608,0.0207,False,0.9829,0.992
HI_EMERG_001,hi,EMERGENCY,PIPE_C,4515,336.7,231.6,249.6,32.1,424.4,4939.4,0.0854,0.029,False,0.9932,0.992
HI_EMERG_002,hi,EMERGENCY,PIPE_C,4375,335.7,239.5,257.5,30.7,426.4,4801.4,0.0782,0.0266,False,0.9873,0.992
HI_EMERG_003,hi,EMERGENCY,PIPE_C,4725,333.4,239.2,257.2,31.3,425.3,5150.3,0.076,0.0259,False,0.9831,0.992
HI_EMERG_004,hi,EMERGENCY,PIPE_C,4340,360.2,239.5,257.5,31.0,433.3,4773.3,0.0836,0.0284,False,0.994,0.992
HI_EMERG_005,hi,EMERGENCY,PIPE_C,4235,326.7,241.6,259.6,31.2,431.5,4666.5,0.0813,0.0276,False,0.9886,0.992
GU_NORM_001,gu,NORMAL,PIPE_C,4130,338.5,230.1,248.1,31.8,439.6,4569.6,0.0584,0.0199,False,0.996,0.992
GU_NORM_002,gu,NORMAL,PIPE_C,3850,348.0,223.4,241.4,32.4,432.4,4282.4,0.0797,0.0271,False,0.9869,0.992
GU_NORM_003,gu,NORMAL,PIPE_C,4200,329.6,234.0,252.0,31.2,434.8,4634.8,0.0692,0.0235,False,0.988,0.992
GU_NORM_004,gu,NORMAL,PIPE_C,3955,320.3,239.6,257.6,30.6,448.3,4403.3,0.0588,0.02,False,0.99,0.992
GU_NORM_005,gu,NORMAL,PIPE_C,3990,333.1,237.8,255.8,31.3,444.2,4434.2,0.0664,0.0226,False,0.9903,0.992
GU_NUM_001,gu,NUMBERS,PIPE_C,4130,360.5,232.3,250.3,32.6,440.6,4570.6,0.0818,0.0278,False,0.9954,0.992
GU_NUM_002,gu,NUMBERS,PIPE_C,3780,359.1,229.0,247.0,32.7,436.0,4216.0,0.062,0.0211,False,0.9878,0.992
GU_NUM_003,gu,NUMBERS,PIPE_C,3815,341.8,236.2,254.2,31.4,437.9,4252.9,0.0672,0.0228,False,0.9849,0.992
GU_NUM_004,gu,NUMBERS,PIPE_C,3710,357.4,224.1,242.1,31.9,428.9,4138.9,0.0701,0.0238,False,0.9825,0.992
GU_NUM_005,gu,NUMBERS,PIPE_C,3780,347.2,238.9,256.9,32.4,440.7,4220.7,0.0604,0.0205,False,0.999,0.992
GU_COORD_001,gu,COORDINATES,PIPE_C,4550,339.1,226.2,244.2,33.1,433.3,4983.3,0.0726,0.0247,False,0.9972,0.992
GU_COORD_002,gu,COORDINATES,PIPE_C,4305,345.9,227.8,245.8,30.5,431.8,4736.8,0.0841,0.0286,False,0.9999,0.992
GU_COORD_003,gu,COORDINATES,PIPE_C,4270,338.6,228.9,246.9,30.7,434.7,4704.7,0.0689,0.0234,False,0.9981,0.992
GU_COORD_004,gu,COORDINATES,PIPE_C,4095,356.9,237.2,255.2,31.7,448.0,4543.0,0.0682,0.0232,False,0.9965,0.992
GU_COORD_005,gu,COORDINATES,PIPE_C,4095,346.2,226.0,244.0,30.2,432.4,4527.4,0.0617,0.021,False,0.9939,0.992
GU_CALL_001,gu,CALLSIGN,PIPE_C,4270,333.8,239.1,257.1,30.8,445.9,4715.9,0.0624,0.0212,False,0.9889,0.992
GU_CALL_002,gu,CALLSIGN,PIPE_C,4130,327.5,229.5,247.5,32.8,435.9,4565.9,0.0716,0.0243,False,0.9881,0.992
GU_CALL_003,gu,CALLSIGN,PIPE_C,3920,320.2,230.6,248.6,31.3,434.6,4354.6,0.0658,0.0224,False,0.9975,0.992
GU_CALL_004,gu,CALLSIGN,PIPE_C,4060,320.5,239.0,257.0,32.1,447.0,4507.0,0.0676,0.023,False,0.9909,0.992
GU_CALL_005,gu,CALLSIGN,PIPE_C,4165,349.5,224.3,242.3,32.9,429.0,4594.0,0.071,0.0241,False,0.9963,0.992
GU_EMERG_001,gu,EMERGENCY,PIPE_C,4550,345.4,241.0,259.0,33.0,446.5,4996.5,0.0805,0.0274,False,0.9868,0.992
GU_EMERG_002,gu,EMERGENCY,PIPE_C,4375,321.0,231.0,249.0,33.1,434.8,4809.8,0.0598,0.0203,False,0.9842,0.992
GU_EMERG_003,gu,EMERGENCY,PIPE_C,4410,357.1,240.6,258.6,31.8,445.8,4855.8,0.0734,0.025,False,0.9941,0.992
GU_EMERG_004,gu,EMERGENCY,PIPE_C,4305,342.5,241.2,259.2,32.7,450.3,4755.3,0.084,0.0286,False,0.9923,0.992
GU_EMERG_005,gu,EMERGENCY,PIPE_C,4270,358.2,228.5,246.5,32.9,431.2,4701.2,0.0676,0.023,False,0.9909,0.992
MR_NORM_001,mr,NORMAL,PIPE_C,4060,362.2,229.3,247.3,32.1,419.0,4479.0,0.0642,0.0218,False,0.9878,0.992
MR_NORM_002,mr,NORMAL,PIPE_C,3955,352.8,236.4,254.4,32.3,427.9,4382.9,0.0801,0.0272,False,0.9911,0.992
MR_NORM_003,mr,NORMAL,PIPE_C,4305,356.9,233.5,251.5,33.1,431.2,4736.2,0.0751,0.0255,False,0.9945,0.992
MR_NORM_004,mr,NORMAL,PIPE_C,3990,340.3,227.1,245.1,32.6,420.5,4410.5,0.077,0.0262,False,0.9844,0.992
MR_NORM_005,mr,NORMAL,PIPE_C,3990,353.3,234.8,252.8,33.2,427.0,4417.0,0.0787,0.0268,False,0.9839,0.992
MR_NUM_001,mr,NUMBERS,PIPE_C,4095,333.9,234.0,252.0,30.3,423.7,4518.7,0.077,0.0262,False,0.9989,0.992
MR_NUM_002,mr,NUMBERS,PIPE_C,3920,335.3,241.2,259.2,32.9,439.8,4359.8,0.0641,0.0218,False,0.9949,0.992
MR_NUM_003,mr,NUMBERS,PIPE_C,4130,335.7,227.1,245.1,31.6,421.3,4551.3,0.0707,0.024,False,0.9885,0.992
MR_NUM_004,mr,NUMBERS,PIPE_C,3815,345.3,231.7,249.7,32.8,427.9,4242.9,0.0586,0.0199,False,0.9909,0.992
MR_NUM_005,mr,NUMBERS,PIPE_C,3920,356.0,224.2,242.2,32.6,415.9,4335.9,0.0671,0.0228,False,0.9955,0.992
MR_COORD_001,mr,COORDINATES,PIPE_C,4760,348.4,224.3,242.3,31.4,418.0,5178.0,0.0713,0.0242,False,0.9853,0.992
MR_COORD_002,mr,COORDINATES,PIPE_C,4340,342.8,228.8,246.8,30.5,424.1,4764.1,0.0759,0.0258,False,0.9988,0.992
MR_COORD_003,mr,COORDINATES,PIPE_C,4445,335.5,238.3,256.3,31.8,430.7,4875.7,0.0624,0.0212,False,0.9934,0.992
MR_COORD_004,mr,COORDINATES,PIPE_C,4200,332.2,235.7,253.7,31.5,431.1,4631.1,0.0814,0.0277,False,0.9929,0.992
MR_COORD_005,mr,COORDINATES,PIPE_C,4130,351.6,231.9,249.9,32.5,426.6,4556.6,0.0833,0.0283,False,0.9925,0.992
MR_CALL_001,mr,CALLSIGN,PIPE_C,4200,342.5,238.1,256.1,32.8,433.0,4633.0,0.0797,0.0271,False,0.9924,0.992
MR_CALL_002,mr,CALLSIGN,PIPE_C,4165,324.7,228.0,246.0,32.8,420.8,4585.8,0.0655,0.0223,False,0.9841,0.992
MR_CALL_003,mr,CALLSIGN,PIPE_C,4060,334.2,225.2,243.2,31.6,421.7,4481.7,0.0747,0.0254,False,0.9982,0.992
MR_CALL_004,mr,CALLSIGN,PIPE_C,4060,352.9,228.1,246.1,30.7,421.6,4481.6,0.0758,0.0258,False,0.9994,0.992
MR_CALL_005,mr,CALLSIGN,PIPE_C,4130,356.5,239.2,257.2,32.1,432.5,4562.5,0.0705,0.024,False,0.9844,0.992
MR_EMERG_001,mr,EMERGENCY,PIPE_C,4550,357.5,232.2,250.2,32.8,426.0,4976.0,0.0819,0.0278,False,0.986,0.992
MR_EMERG_002,mr,EMERGENCY,PIPE_C,4375,321.1,227.6,245.6,31.6,415.9,4790.9,0.0653,0.0222,False,0.9921,0.992
MR_EMERG_003,mr,EMERGENCY,PIPE_C,4550,322.9,234.7,252.7,32.3,423.4,4973.4,0.067,0.0228,False,0.9885,0.992
MR_EMERG_004,mr,EMERGENCY,PIPE_C,4200,347.0,233.7,251.7,32.9,428.0,4628.0,0.0791,0.0269,False,0.9853,0.992
MR_EMERG_005,mr,EMERGENCY,PIPE_C,4305,356.5,240.7,258.7,33.1,438.5,4743.5,0.0705,0.024,False,0.9845,0.992
KN_NORM_001,kn,NORMAL,PIPE_C,4270,321.2,230.7,248.7,32.7,440.2,4710.2,0.0644,0.0219,False,0.9837,0.992
KN_NORM_002,kn,NORMAL,PIPE_C,4340,346.2,239.3,257.3,33.2,456.8,4796.8,0.0701,0.0238,False,0.9966,0.992
KN_NORM_003,kn,NORMAL,PIPE_C,4515,352.4,223.0,241.0,30.8,436.1,4951.1,0.079,0.0269,False,0.9864,0.992
KN_NORM_004,kn,NORMAL,PIPE_C,3990,330.3,228.1,246.1,32.5,439.8,4429.8,0.0714,0.0243,False,0.9835,0.992
KN_NORM_005,kn,NORMAL,PIPE_C,3815,342.7,241.2,259.2,31.3,450.7,4265.7,0.0801,0.0272,False,0.9911,0.992
KN_NUM_001,kn,NUMBERS,PIPE_C,4375,336.2,237.2,255.2,30.6,451.1,4826.1,0.0631,0.0215,False,0.9829,0.992
KN_NUM_002,kn,NUMBERS,PIPE_C,4130,344.1,233.6,251.6,32.9,450.0,4580.0,0.0598,0.0203,False,0.9843,0.992
KN_NUM_003,kn,NUMBERS,PIPE_C,4095,344.4,234.0,252.0,31.7,447.0,4542.0,0.0838,0.0285,False,0.9867,0.992
KN_NUM_004,kn,NUMBERS,PIPE_C,3920,362.4,240.6,258.6,32.2,454.7,4374.7,0.0749,0.0255,False,0.9957,0.992
KN_NUM_005,kn,NUMBERS,PIPE_C,3745,336.0,232.8,250.8,32.9,443.8,4188.8,0.0584,0.0199,False,0.9892,0.992
KN_COORD_001,kn,COORDINATES,PIPE_C,5005,339.6,231.5,249.5,30.6,436.3,5441.3,0.082,0.0279,False,0.9914,0.992
KN_COORD_002,kn,COORDINATES,PIPE_C,4620,325.1,225.0,243.0,32.7,437.9,5057.9,0.0622,0.0212,False,0.9835,0.992
KN_COORD_003,kn,COORDINATES,PIPE_C,4585,337.7,241.2,259.2,33.2,455.0,5040.0,0.0621,0.0211,False,0.9949,0.992
KN_COORD_004,kn,COORDINATES,PIPE_C,4375,351.7,227.6,245.6,31.8,439.6,4814.6,0.0703,0.0239,False,0.9941,0.992
KN_COORD_005,kn,COORDINATES,PIPE_C,4480,353.2,234.0,252.0,33.1,442.4,4922.4,0.0855,0.0291,False,0.9956,0.992
KN_CALL_001,kn,CALLSIGN,PIPE_C,4375,345.3,240.3,258.3,31.6,449.6,4824.6,0.0755,0.0257,False,0.9987,0.992
KN_CALL_002,kn,CALLSIGN,PIPE_C,4340,333.2,230.4,248.4,30.9,446.4,4786.4,0.0682,0.0232,False,0.9874,0.992
KN_CALL_003,kn,CALLSIGN,PIPE_C,4585,340.9,225.8,243.8,32.5,436.0,5021.0,0.0636,0.0216,False,0.9911,0.992
KN_CALL_004,kn,CALLSIGN,PIPE_C,4200,323.4,241.3,259.3,32.4,455.9,4655.9,0.0845,0.0287,False,0.9824,0.992
KN_CALL_005,kn,CALLSIGN,PIPE_C,4130,350.8,230.2,248.2,32.3,444.0,4574.0,0.0623,0.0212,False,0.9958,0.992
KN_EMERG_001,kn,EMERGENCY,PIPE_C,4830,364.9,233.2,251.2,32.7,449.6,5279.6,0.0814,0.0277,False,0.9846,0.992
KN_EMERG_002,kn,EMERGENCY,PIPE_C,4725,335.0,230.0,248.0,30.9,438.7,5163.7,0.0738,0.0251,False,0.9975,0.992
KN_EMERG_003,kn,EMERGENCY,PIPE_C,4655,357.0,230.5,248.5,30.3,441.0,5096.0,0.0697,0.0237,False,0.9823,0.992
KN_EMERG_004,kn,EMERGENCY,PIPE_C,4585,362.2,228.0,246.0,31.1,435.3,5020.3,0.0686,0.0233,False,0.9989,0.992
KN_EMERG_005,kn,EMERGENCY,PIPE_C,4305,327.0,234.0,252.0,30.8,446.6,4751.6,0.084,0.0285,False,0.99,0.992
ML_NORM_001,ml,NORMAL,PIPE_C,4620,363.9,231.7,249.7,31.2,423.3,5043.3,0.0825,0.0281,False,0.9967,0.992
ML_NORM_002,ml,NORMAL,PIPE_C,4130,354.9,239.8,257.8,31.3,432.8,4562.8,0.0824,0.028,False,0.9855,0.992
ML_NORM_003,ml,NORMAL,PIPE_C,4095,349.9,225.1,243.1,30.7,421.4,4516.4,0.0752,0.0256,False,0.9954,0.992
ML_NORM_004,ml,NORMAL,PIPE_C,4165,322.3,239.1,257.1,31.1,433.3,4598.3,0.0663,0.0225,False,0.9976,0.992
ML_NORM_005,ml,NORMAL,PIPE_C,3990,329.6,227.1,245.1,31.4,425.6,4415.6,0.0583,0.0198,False,0.9847,0.992
ML_NUM_001,ml,NUMBERS,PIPE_C,4165,336.1,223.3,241.3,30.5,420.4,4585.4,0.0808,0.0275,False,0.9949,0.992
ML_NUM_002,ml,NUMBERS,PIPE_C,4550,326.6,237.3,255.3,33.3,433.9,4983.9,0.0817,0.0278,False,0.9958,0.992
ML_NUM_003,ml,NUMBERS,PIPE_C,4200,340.5,231.0,249.0,32.1,427.1,4627.1,0.0785,0.0267,False,0.985,0.992
ML_NUM_004,ml,NUMBERS,PIPE_C,3850,335.9,236.8,254.8,31.5,430.6,4280.6,0.0643,0.0219,False,0.9959,0.992
ML_NUM_005,ml,NUMBERS,PIPE_C,3990,324.4,223.6,241.6,33.0,424.2,4414.2,0.0743,0.0253,False,0.9924,0.992
ML_COORD_001,ml,COORDINATES,PIPE_C,5215,321.7,228.8,246.8,31.5,423.5,5638.5,0.0782,0.0266,False,0.9859,0.992
ML_COORD_002,ml,COORDINATES,PIPE_C,4935,330.8,227.1,245.1,31.2,417.5,5352.5,0.0681,0.0232,False,0.9862,0.992
ML_COORD_003,ml,COORDINATES,PIPE_C,4795,323.2,226.2,244.2,30.6,420.4,5215.4,0.0707,0.024,False,0.9915,0.992
ML_COORD_004,ml,COORDINATES,PIPE_C,4270,356.0,234.1,252.1,31.0,422.9,4692.9,0.0635,0.0216,False,0.9832,0.992
ML_COORD_005,ml,COORDINATES,PIPE_C,4795,362.6,237.1,255.1,30.2,430.6,5225.6,0.079,0.0269,False,0.9985,0.992
ML_CALL_001,ml,CALLSIGN,PIPE_C,4340,364.5,232.2,250.2,32.9,424.5,4764.5,0.0771,0.0262,False,0.9841,0.992
ML_CALL_002,ml,CALLSIGN,PIPE_C,4830,337.9,233.3,251.3,31.2,423.1,5253.1,0.0674,0.0229,False,0.9965,0.992
ML_CALL_003,ml,CALLSIGN,PIPE_C,4235,323.7,230.2,248.2,31.7,420.3,4655.3,0.0804,0.0273,False,0.9827,0.992
ML_CALL_004,ml,CALLSIGN,PIPE_C,4410,356.1,239.1,257.1,31.3,435.2,4845.2,0.0618,0.021,False,0.9837,0.992
ML_CALL_005,ml,CALLSIGN,PIPE_C,4270,322.0,226.8,244.8,33.2,418.3,4688.3,0.085,0.0289,False,0.995,0.992
ML_EMERG_001,ml,EMERGENCY,PIPE_C,4620,320.3,224.0,242.0,32.7,418.2,5038.2,0.0673,0.0229,False,0.9838,0.992
ML_EMERG_002,ml,EMERGENCY,PIPE_C,4550,341.2,227.4,245.4,30.7,417.0,4967.0,0.066,0.0224,False,0.9942,0.992
ML_EMERG_003,ml,EMERGENCY,PIPE_C,4410,344.0,230.1,248.1,30.8,424.4,4834.4,0.0668,0.0227,False,0.9861,0.992
ML_EMERG_004,ml,EMERGENCY,PIPE_C,4410,334.8,232.9,250.9,30.4,427.3,4837.3,0.0625,0.0212,False,0.9834,0.992
ML_EMERG_005,ml,EMERGENCY,PIPE_C,4445,342.2,226.6,244.6,32.3,420.8,4865.8,0.0624,0.0212,False,0.9828,0.992
TA_NORM_001,ta,NORMAL,PIPE_C,4480,324.7,230.1,248.1,31.6,432.4,4912.4,0.0591,0.0201,False,0.9891,0.992
TA_NORM_002,ta,NORMAL,PIPE_C,4725,320.1,225.3,243.3,31.6,434.4,5159.4,0.0832,0.0283,False,0.9845,0.992
TA_NORM_003,ta,NORMAL,PIPE_C,4655,355.9,236.7,254.7,30.7,443.0,5098.0,0.0681,0.0232,False,0.982,0.992
TA_NORM_004,ta,NORMAL,PIPE_C,4270,321.7,230.8,248.8,32.5,436.4,4706.4,0.0757,0.0257,False,0.9849,0.992
TA_NORM_005,ta,NORMAL,PIPE_C,4200,334.9,222.4,240.4,31.1,429.0,4629.0,0.059,0.0201,False,0.9987,0.992
TA_NUM_001,ta,NUMBERS,PIPE_C,4550,346.5,227.1,245.1,31.5,439.1,4989.1,0.0702,0.0239,False,0.9826,0.992
TA_NUM_002,ta,NUMBERS,PIPE_C,4410,326.9,222.4,240.4,32.8,429.6,4839.6,0.0789,0.0268,False,0.9866,0.992
TA_NUM_003,ta,NUMBERS,PIPE_C,4410,344.8,237.2,255.2,32.5,450.9,4860.9,0.0643,0.0219,False,0.995,0.992
TA_NUM_004,ta,NUMBERS,PIPE_C,4025,331.2,229.0,247.0,30.3,439.8,4464.8,0.0807,0.0275,False,0.9835,0.992
TA_NUM_005,ta,NUMBERS,PIPE_C,3815,354.1,239.9,257.9,32.9,451.6,4266.6,0.0854,0.029,False,0.9881,0.992
TA_COORD_001,ta,COORDINATES,PIPE_C,5600,335.2,225.4,243.4,30.4,437.0,6037.0,0.0835,0.0284,False,0.9953,0.992
TA_COORD_002,ta,COORDINATES,PIPE_C,4830,361.0,241.1,259.1,30.8,450.7,5280.7,0.0701,0.0238,False,0.9934,0.992
TA_COORD_003,ta,COORDINATES,PIPE_C,4970,354.3,233.7,251.7,31.7,444.5,5414.5,0.0763,0.0259,False,0.9848,0.992
TA_COORD_004,ta,COORDINATES,PIPE_C,4620,339.7,237.4,255.4,33.4,448.3,5068.3,0.0837,0.0284,False,0.9851,0.992
TA_COORD_005,ta,COORDINATES,PIPE_C,4795,336.1,231.2,249.2,31.4,440.1,5235.1,0.0609,0.0207,False,0.9922,0.992
TA_CALL_001,ta,CALLSIGN,PIPE_C,4830,348.9,224.2,242.2,31.6,428.5,5258.5,0.0814,0.0277,False,0.9883,0.992
TA_CALL_002,ta,CALLSIGN,PIPE_C,4690,337.6,240.0,258.0,32.1,449.0,5139.0,0.085,0.0289,False,0.9852,0.992
TA_CALL_003,ta,CALLSIGN,PIPE_C,4445,345.6,232.6,250.6,33.2,446.6,4891.6,0.0709,0.0241,False,0.9923,0.992
TA_CALL_004,ta,CALLSIGN,PIPE_C,4620,358.6,233.1,251.1,31.0,445.2,5065.2,0.0786,0.0267,False,0.9879,0.992
TA_CALL_005,ta,CALLSIGN,PIPE_C,4375,340.0,233.1,251.1,32.3,443.1,4818.1,0.0826,0.0281,False,0.9978,0.992
TA_EMERG_001,ta,EMERGENCY,PIPE_C,5145,324.3,236.7,254.7,33.0,450.2,5595.2,0.0782,0.0266,False,0.9823,0.992
TA_EMERG_002,ta,EMERGENCY,PIPE_C,4445,355.2,235.2,253.2,32.7,440.5,4885.5,0.068,0.0231,False,0.9868,0.992
TA_EMERG_003,ta,EMERGENCY,PIPE_C,4970,332.7,225.5,243.5,31.9,439.2,5409.2,0.0767,0.0261,False,0.9984,0.992
TA_EMERG_004,ta,EMERGENCY,PIPE_C,4865,323.6,234.6,252.6,30.7,446.0,5311.0,0.0839,0.0285,False,0.9835,0.992
TA_EMERG_005,ta,EMERGENCY,PIPE_C,4655,332.9,237.6,255.6,30.9,449.5,5104.5,0.0605,0.0206,False,0.9973,0.992
TE_NORM_001,te,NORMAL,PIPE_C,4585,334.2,232.3,250.3,30.4,428.3,5013.3,0.0858,0.0292,False,0.9912,0.992
TE_NORM_002,te,NORMAL,PIPE_C,4480,355.4,239.8,257.8,33.1,436.0,4916.0,0.0612,0.0208,False,0.9904,0.992
TE_NORM_003,te,NORMAL,PIPE_C,4690,329.1,233.9,251.9,31.5,427.6,5117.6,0.067,0.0228,False,0.9943,0.992
TE_NORM_004,te,NORMAL,PIPE_C,4130,341.3,231.8,249.8,30.9,424.6,4554.6,0.0611,0.0208,False,0.9854,0.992
TE_NORM_005,te,NORMAL,PIPE_C,4060,322.5,236.2,254.2,32.3,433.1,4493.1,0.0762,0.0259,False,0.9887,0.992
TE_NUM_001,te,NUMBERS,PIPE_C,4620,336.6,228.0,246.0,32.9,421.0,5041.0,0.0798,0.0271,False,0.9828,0.992
TE_NUM_002,te,NUMBERS,PIPE_C,4270,361.4,227.8,245.8,31.9,419.0,4689.0,0.0702,0.0239,False,0.9862,0.992
TE_NUM_003,te,NUMBERS,PIPE_C,4340,323.2,229.5,247.5,31.9,425.1,4765.1,0.0591,0.0201,False,0.9947,0.992
TE_NUM_004,te,NUMBERS,PIPE_C,3815,323.5,234.6,252.6,30.6,425.8,4240.8,0.0774,0.0263,False,0.988,0.992
TE_NUM_005,te,NUMBERS,PIPE_C,3885,339.2,226.6,244.6,31.1,422.9,4307.9,0.0625,0.0213,False,0.9979,0.992
TE_COORD_001,te,COORDINATES,PIPE_C,5285,356.2,222.4,240.4,30.8,412.7,5697.7,0.0678,0.0231,False,0.9992,0.992
TE_COORD_002,te,COORDINATES,PIPE_C,4935,344.3,232.9,250.9,32.6,425.6,5360.6,0.067,0.0228,False,0.9939,0.992
TE_COORD_003,te,COORDINATES,PIPE_C,4830,320.7,233.3,251.3,32.2,430.6,5260.6,0.0856,0.0291,False,0.9821,0.992
TE_COORD_004,te,COORDINATES,PIPE_C,4585,361.2,230.0,248.0,32.5,431.3,5016.3,0.0819,0.0279,False,0.9845,0.992
TE_COORD_005,te,COORDINATES,PIPE_C,4410,352.7,232.6,250.6,32.1,426.3,4836.3,0.0685,0.0233,False,0.9903,0.992
TE_CALL_001,te,CALLSIGN,PIPE_C,4445,345.5,238.0,256.0,32.4,432.2,4877.2,0.0609,0.0207,False,0.991,0.992
TE_CALL_002,te,CALLSIGN,PIPE_C,4445,325.5,223.2,241.2,30.8,418.6,4863.6,0.085,0.0289,False,0.9869,0.992
TE_CALL_003,te,CALLSIGN,PIPE_C,4480,343.9,241.1,259.1,31.7,442.0,4922.0,0.0847,0.0288,False,0.9854,0.992
TE_CALL_004,te,CALLSIGN,PIPE_C,4270,358.0,223.4,241.4,32.1,420.7,4690.7,0.0854,0.029,False,0.9997,0.992
TE_CALL_005,te,CALLSIGN,PIPE_C,4165,355.9,232.3,250.3,32.6,430.6,4595.6,0.0728,0.0247,False,0.9836,0.992
TE_EMERG_001,te,EMERGENCY,PIPE_C,4655,339.6,231.5,249.5,31.1,427.6,5082.6,0.059,0.0201,False,0.9995,0.992
TE_EMERG_002,te,EMERGENCY,PIPE_C,4725,339.4,228.4,246.4,30.5,420.2,5145.2,0.0725,0.0246,False,0.9982,0.992
TE_EMERG_003,te,EMERGENCY,PIPE_C,4795,326.4,237.8,255.8,33.0,432.1,5227.1,0.0847,0.0288,False,0.9901,0.992
TE_EMERG_004,te,EMERGENCY,PIPE_C,4655,363.7,234.9,252.9,30.4,435.1,5090.1,0.0618,0.021,False,0.9829,0.992
TE_EMERG_005,te,EMERGENCY,PIPE_C,4585,349.0,235.3,253.3,31.3,430.4,5015.4,0.0758,0.0258,False,0.9984,0.992
OR_NORM_001,or,NORMAL,PIPE_C,4270,327.8,240.4,258.4,30.8,457.2,4727.2,0.102,0.0347,False,0.9926,0.992
OR_NORM_002,or,NORMAL,PIPE_C,4130,335.1,238.2,256.2,32.6,457.3,4587.3,0.0963,0.0327,False,0.9878,0.992
OR_NORM_003,or,NORMAL,PIPE_C,4305,351.3,226.0,244.0,32.0,434.7,4739.7,0.1081,0.0367,False,0.9828,0.992
OR_NORM_004,or,NORMAL,PIPE_C,3955,329.1,240.1,258.1,31.5,457.3,4412.3,0.1126,0.0383,False,0.9846,0.992
OR_NORM_005,or,NORMAL,PIPE_C,4340,350.9,236.6,254.6,30.3,449.7,4789.7,0.0976,0.0332,False,0.9878,0.992
OR_NUM_001,or,NUMBERS,PIPE_C,4165,328.4,229.4,247.4,31.0,438.4,4603.4,0.1102,0.0375,False,0.9981,0.992
OR_NUM_002,or,NUMBERS,PIPE_C,3920,338.0,232.6,250.6,31.9,444.1,4364.1,0.1002,0.0341,False,0.9843,0.992
OR_NUM_003,or,NUMBERS,PIPE_C,4060,339.7,238.5,256.5,31.4,457.9,4517.9,0.0983,0.0334,False,0.9888,0.992
OR_NUM_004,or,NUMBERS,PIPE_C,3885,342.3,227.5,245.5,30.5,442.1,4327.1,0.1106,0.0376,False,0.9905,0.992
OR_NUM_005,or,NUMBERS,PIPE_C,3850,363.5,233.2,251.2,31.2,442.7,4292.7,0.0975,0.0331,False,0.9888,0.992
OR_COORD_001,or,COORDINATES,PIPE_C,4830,334.3,236.0,254.0,31.4,447.8,5277.8,0.0953,0.0324,False,0.9977,0.992
OR_COORD_002,or,COORDINATES,PIPE_C,4620,357.4,232.7,250.7,30.7,447.3,5067.3,0.0993,0.0338,False,0.9883,0.992
OR_COORD_003,or,COORDINATES,PIPE_C,4340,340.3,225.3,243.3,30.9,433.4,4773.4,0.1032,0.0351,False,0.9959,0.992
OR_COORD_004,or,COORDINATES,PIPE_C,4270,330.3,240.3,258.3,33.0,460.8,4730.8,0.1116,0.0379,False,0.9834,0.992
OR_COORD_005,or,COORDINATES,PIPE_C,4515,350.9,225.6,243.6,30.7,433.1,4948.1,0.1019,0.0346,False,0.9913,0.992
OR_CALL_001,or,CALLSIGN,PIPE_C,4445,337.6,236.4,254.4,31.8,451.7,4896.7,0.1081,0.0368,False,0.9941,0.992
OR_CALL_002,or,CALLSIGN,PIPE_C,4165,325.7,232.0,250.0,30.9,442.8,4607.8,0.0953,0.0324,False,0.9931,0.992
OR_CALL_003,or,CALLSIGN,PIPE_C,4200,335.7,235.9,253.9,32.2,452.1,4652.1,0.1011,0.0344,False,0.9882,0.992
OR_CALL_004,or,CALLSIGN,PIPE_C,4270,358.4,237.3,255.3,31.2,451.0,4721.0,0.1066,0.0362,False,0.9999,0.992
OR_CALL_005,or,CALLSIGN,PIPE_C,4025,351.5,222.7,240.7,30.6,436.3,4461.3,0.1111,0.0378,False,0.9865,0.992
OR_EMERG_001,or,EMERGENCY,PIPE_C,4620,346.7,226.2,244.2,31.9,443.0,5063.0,0.1053,0.0358,False,0.9923,0.992
OR_EMERG_002,or,EMERGENCY,PIPE_C,4375,351.2,223.3,241.3,30.3,441.2,4816.2,0.1059,0.036,False,0.9863,0.992
OR_EMERG_003,or,EMERGENCY,PIPE_C,4830,351.7,223.9,241.9,32.9,439.0,5269.0,0.1148,0.039,False,0.9833,0.992
OR_EMERG_004,or,EMERGENCY,PIPE_C,4620,349.9,235.0,253.0,31.0,443.2,5063.2,0.1058,0.036,False,0.9913,0.992
OR_EMERG_005,or,EMERGENCY,PIPE_C,4235,337.1,237.1,255.1,32.1,453.0,4688.0,0.1015,0.0345,False,0.9872,0.992
BN_NORM_001,bn,NORMAL,PIPE_C,4270,331.0,223.8,241.8,30.7,415.9,4685.9,0.0825,0.0281,False,0.9974,0.992
BN_NORM_002,bn,NORMAL,PIPE_C,4130,347.3,229.4,247.4,30.6,421.8,4551.8,0.0724,0.0246,False,0.9991,0.992
BN_NORM_003,bn,NORMAL,PIPE_C,4375,350.0,235.9,253.9,31.3,432.4,4807.4,0.0753,0.0256,False,0.9849,0.992
BN_NORM_004,bn,NORMAL,PIPE_C,3815,351.3,232.4,250.4,31.2,422.2,4237.2,0.0637,0.0217,False,0.9904,0.992
BN_NORM_005,bn,NORMAL,PIPE_C,4305,361.1,229.7,247.7,33.3,430.7,4735.7,0.0599,0.0204,False,0.9926,0.992
BN_NUM_001,bn,NUMBERS,PIPE_C,4060,326.9,223.7,241.7,31.1,416.4,4476.4,0.0858,0.0292,False,0.9935,0.992
BN_NUM_002,bn,NUMBERS,PIPE_C,4130,340.7,238.7,256.7,31.7,436.7,4566.7,0.0598,0.0203,False,0.9923,0.992
BN_NUM_003,bn,NUMBERS,PIPE_C,3990,350.5,229.7,247.7,30.8,425.5,4415.5,0.0654,0.0222,False,0.9963,0.992
BN_NUM_004,bn,NUMBERS,PIPE_C,3955,321.3,236.3,254.3,32.1,427.3,4382.3,0.0791,0.0269,False,0.9986,0.992
BN_NUM_005,bn,NUMBERS,PIPE_C,4130,327.8,230.0,248.0,30.8,423.5,4553.5,0.0805,0.0274,False,0.9889,0.992
BN_COORD_001,bn,COORDINATES,PIPE_C,4900,322.6,239.5,257.5,33.0,440.7,5340.7,0.0653,0.0222,False,0.9997,0.992
BN_COORD_002,bn,COORDINATES,PIPE_C,4480,331.7,236.1,254.1,32.6,429.5,4909.5,0.069,0.0235,False,0.9854,0.992
BN_COORD_003,bn,COORDINATES,PIPE_C,4410,348.2,235.9,253.9,33.2,436.4,4846.4,0.0721,0.0245,False,0.9985,0.992
BN_COORD_004,bn,COORDINATES,PIPE_C,4305,350.7,223.7,241.7,32.8,414.5,4719.5,0.0824,0.028,False,0.9961,0.992
BN_COORD_005,bn,COORDINATES,PIPE_C,4445,330.5,230.4,248.4,33.1,424.3,4869.3,0.0724,0.0246,False,0.9934,0.992
BN_CALL_001,bn,CALLSIGN,PIPE_C,4445,335.0,224.1,242.1,32.9,422.2,4867.2,0.0859,0.0292,False,0.9912,0.992
BN_CALL_002,bn,CALLSIGN,PIPE_C,4165,355.4,229.8,247.8,31.8,424.0,4589.0,0.0771,0.0262,False,0.9878,0.992
BN_CALL_003,bn,CALLSIGN,PIPE_C,4095,331.3,224.5,242.5,32.5,424.4,4519.4,0.0817,0.0278,False,0.9925,0.992
BN_CALL_004,bn,CALLSIGN,PIPE_C,4305,331.8,236.4,254.4,33.3,429.3,4734.3,0.0644,0.0219,False,0.9879,0.992
BN_CALL_005,bn,CALLSIGN,PIPE_C,4200,322.1,239.3,257.3,32.6,432.2,4632.2,0.0742,0.0252,False,0.9998,0.992
BN_EMERG_001,bn,EMERGENCY,PIPE_C,4480,355.2,228.5,246.5,32.3,426.2,4906.2,0.0624,0.0212,False,0.9867,0.992
BN_EMERG_002,bn,EMERGENCY,PIPE_C,4270,336.2,234.4,252.4,30.6,423.2,4693.2,0.0657,0.0224,False,0.9873,0.992
BN_EMERG_003,bn,EMERGENCY,PIPE_C,4760,344.0,235.4,253.4,32.1,429.9,5189.9,0.0683,0.0232,False,0.9929,0.992
BN_EMERG_004,bn,EMERGENCY,PIPE_C,4340,325.5,241.5,259.5,31.4,432.0,4772.0,0.0709,0.0241,False,0.9959,0.992
BN_EMERG_005,bn,EMERGENCY,PIPE_C,4305,328.6,230.1,248.1,30.7,423.4,4728.4,0.0817,0.0278,False,0.9963,0.992
EN_NORM_001,en,NORMAL,PIPE_C,4690,361.9,230.4,248.4,33.3,414.5,5104.5,0.0816,0.0277,False,0.9878,0.992
EN_NORM_002,en,NORMAL,PIPE_C,4235,363.2,225.1,243.1,30.8,412.6,4647.6,0.0614,0.0209,False,0.993,0.992
EN_NORM_003,en,NORMAL,PIPE_C,4235,325.6,239.6,257.6,31.0,423.7,4658.7,0.0811,0.0276,False,0.9909,0.992
EN_NORM_004,en,NORMAL,PIPE_C,4515,359.3,239.9,257.9,31.7,424.5,4939.5,0.0747,0.0254,False,0.9939,0.992
EN_NORM_005,en,NORMAL,PIPE_C,4130,343.7,235.3,253.3,32.7,423.0,4553.0,0.0735,0.025,False,0.9909,0.992
EN_NUM_001,en,NUMBERS,PIPE_C,4305,342.1,235.9,253.9,32.0,417.3,4722.3,0.0746,0.0253,False,0.9946,0.992
EN_NUM_002,en,NUMBERS,PIPE_C,4165,358.8,228.2,246.2,31.0,408.2,4573.2,0.078,0.0265,False,0.9899,0.992
EN_NUM_003,en,NUMBERS,PIPE_C,4410,353.6,231.7,249.7,33.1,414.6,4824.6,0.0794,0.027,False,0.9825,0.992
EN_NUM_004,en,NUMBERS,PIPE_C,3850,347.4,233.9,251.9,31.2,419.1,4269.1,0.0829,0.0282,False,0.999,0.992
EN_NUM_005,en,NUMBERS,PIPE_C,4235,321.1,231.6,249.6,30.9,414.8,4649.8,0.0612,0.0208,False,0.9961,0.992
EN_COORD_001,en,COORDINATES,PIPE_C,5250,349.2,233.6,251.6,32.1,417.2,5667.2,0.0678,0.023,False,0.9958,0.992
EN_COORD_002,en,COORDINATES,PIPE_C,4655,360.9,224.1,242.1,31.9,411.1,5066.1,0.0841,0.0286,False,0.9925,0.992
EN_COORD_003,en,COORDINATES,PIPE_C,4935,324.7,235.5,253.5,32.6,425.1,5360.1,0.0631,0.0215,False,0.9987,0.992
EN_COORD_004,en,COORDINATES,PIPE_C,4585,333.2,223.1,241.1,31.8,403.9,4988.9,0.0683,0.0232,False,0.9849,0.992
EN_COORD_005,en,COORDINATES,PIPE_C,4445,321.0,238.2,256.2,31.3,423.3,4868.3,0.0805,0.0274,False,0.9868,0.992
EN_CALL_001,en,CALLSIGN,PIPE_C,4270,325.8,225.2,243.2,33.2,415.0,4685.0,0.08,0.0272,False,0.9851,0.992
EN_CALL_002,en,CALLSIGN,PIPE_C,4305,345.0,239.2,257.2,30.3,420.2,4725.2,0.076,0.0258,False,0.9822,0.992
EN_CALL_003,en,CALLSIGN,PIPE_C,4550,344.3,223.5,241.5,32.1,409.1,4959.1,0.0629,0.0214,False,0.9906,0.992
EN_CALL_004,en,CALLSIGN,PIPE_C,4305,330.7,229.3,247.3,30.6,412.7,4717.7,0.0766,0.026,False,0.9949,0.992
EN_CALL_005,en,CALLSIGN,PIPE_C,4480,346.7,231.3,249.3,33.1,415.2,4895.2,0.0777,0.0264,False,0.9989,0.992
EN_EMERG_001,en,EMERGENCY,PIPE_C,4830,336.8,227.7,245.7,30.4,407.9,5237.9,0.0773,0.0263,False,0.9891,0.992
EN_EMERG_002,en,EMERGENCY,PIPE_C,4550,321.0,223.6,241.6,30.8,407.0,4957.0,0.0615,0.0209,False,0.9862,0.992
EN_EMERG_003,en,EMERGENCY,PIPE_C,4585,331.4,236.7,254.7,31.7,424.8,5009.8,0.0711,0.0242,False,0.996,0.992
EN_EMERG_004,en,EMERGENCY,PIPE_C,4725,363.6,226.5,244.5,30.5,412.0,5137.0,0.0706,0.024,False,0.9888,0.992
EN_EMERG_005,en,EMERGENCY,PIPE_C,4550,323.2,233.0,251.0,32.9,415.2,4965.2,0.084,0.0286,False,0.9892,0.992
HI_NORM_001,hi,NORMAL,PIPE_D,4200,320.6,154.1,169.1,31.2,334.4,4534.4,0.0672,0.0215,False,0.9982,0.996
HI_NORM_002,hi,NORMAL,PIPE_D,4095,321.6,160.8,175.8,31.0,344.5,4439.5,0.0597,0.0191,False,0.9891,0.996
HI_NORM_003,hi,NORMAL,PIPE_D,3955,322.1,163.7,178.7,30.0,341.7,4296.7,0.0554,0.0177,False,0.9881,0.996
HI_NORM_004,hi,NORMAL,PIPE_D,3955,310.9,153.9,168.9,29.7,332.0,4287.0,0.0647,0.0207,False,0.9887,0.996
HI_NORM_005,hi,NORMAL,PIPE_D,4060,316.8,166.4,181.4,30.7,344.0,4404.0,0.0703,0.0225,False,0.9913,0.996
HI_NUM_001,hi,NUMBERS,PIPE_D,3990,324.9,106.1,121.1,29.6,284.4,4274.4,0.0537,0.0172,False,0.9991,0.996
HI_NUM_002,hi,NUMBERS,PIPE_D,3780,320.4,106.3,121.3,28.9,290.3,4070.3,0.0609,0.0195,False,0.9897,0.996
HI_NUM_003,hi,NUMBERS,PIPE_D,4095,325.4,103.6,118.6,29.2,280.9,4375.9,0.0747,0.0239,False,0.9978,0.996
HI_NUM_004,hi,NUMBERS,PIPE_D,3850,303.8,112.3,127.3,30.4,292.5,4142.5,0.0639,0.0205,False,0.9982,0.996
HI_NUM_005,hi,NUMBERS,PIPE_D,3850,324.6,112.2,127.2,28.9,289.3,4139.3,0.0741,0.0237,False,0.997,0.996
HI_COORD_001,hi,COORDINATES,PIPE_D,4690,314.8,108.1,123.1,29.2,286.8,4976.8,0.062,0.0198,False,0.9971,0.996
HI_COORD_002,hi,COORDINATES,PIPE_D,4375,328.8,107.1,122.1,30.2,291.8,4666.8,0.078,0.025,False,0.9931,0.996
HI_COORD_003,hi,COORDINATES,PIPE_D,4655,334.5,107.4,122.4,29.8,291.2,4946.2,0.0682,0.0218,False,0.998,0.996
HI_COORD_004,hi,COORDINATES,PIPE_D,4515,316.9,111.0,126.0,28.9,288.3,4803.3,0.0676,0.0216,False,0.9897,0.996
HI_COORD_005,hi,COORDINATES,PIPE_D,4235,331.3,103.1,118.1,30.0,280.7,4515.7,0.0686,0.0219,False,0.9981,0.996
HI_CALL_001,hi,CALLSIGN,PIPE_D,4235,300.5,103.5,118.5,29.3,283.1,4518.1,0.0588,0.0188,False,0.9901,0.996
HI_CALL_002,hi,CALLSIGN,PIPE_D,4130,326.2,111.7,126.7,30.0,289.4,4419.4,0.0542,0.0173,False,0.9893,0.996
HI_CALL_003,hi,CALLSIGN,PIPE_D,4200,328.6,106.6,121.6,29.2,290.8,4490.8,0.0638,0.0204,False,0.9985,0.996
HI_CALL_004,hi,CALLSIGN,PIPE_D,4305,320.1,110.6,125.6,28.9,292.1,4597.1,0.0656,0.021,False,0.9988,0.996
HI_CALL_005,hi,CALLSIGN,PIPE_D,4340,315.6,112.3,127.3,29.1,290.0,4630.0,0.0787,0.0252,False,0.9916,0.996
HI_EMERG_001,hi,EMERGENCY,PIPE_D,4515,312.1,110.7,125.7,29.8,296.1,4811.1,0.0607,0.0194,False,0.9948,0.996
HI_EMERG_002,hi,EMERGENCY,PIPE_D,4375,325.8,110.6,125.6,30.8,293.3,4668.3,0.0657,0.021,False,0.993,0.996
HI_EMERG_003,hi,EMERGENCY,PIPE_D,4725,296.1,108.9,123.9,30.5,291.6,5016.6,0.0554,0.0177,False,0.9937,0.996
HI_EMERG_004,hi,EMERGENCY,PIPE_D,4340,333.0,103.2,118.2,31.3,289.9,4629.9,0.0625,0.02,False,0.9988,0.996
HI_EMERG_005,hi,EMERGENCY,PIPE_D,4235,301.5,105.1,120.1,29.1,286.4,4521.4,0.074,0.0237,False,0.9884,0.996
GU_NORM_001,gu,NORMAL,PIPE_D,4130,316.9,164.9,179.9,29.5,363.9,4493.9,0.0581,0.0186,False,0.9918,0.996
GU_NORM_002,gu,NORMAL,PIPE_D,3850,295.7,152.0,167.0,30.0,344.7,4194.7,0.0615,0.0197,False,1.0,0.996
GU_NORM_003,gu,NORMAL,PIPE_D,4200,311.2,149.7,164.7,29.4,351.1,4551.1,0.0567,0.0181,False,0.996,0.996
GU_NORM_004,gu,NORMAL,PIPE_D,3955,327.7,156.8,171.8,29.6,357.4,4312.4,0.0751,0.024,False,0.9958,0.996
GU_NORM_005,gu,NORMAL,PIPE_D,3990,314.8,150.8,165.8,28.7,350.3,4340.3,0.076,0.0243,False,0.998,0.996
GU_NUM_001,gu,NUMBERS,PIPE_D,4130,315.3,102.7,117.7,28.8,301.9,4431.9,0.077,0.0246,False,0.9972,0.996
GU_NUM_002,gu,NUMBERS,PIPE_D,3780,298.2,102.7,117.7,29.2,296.7,4076.7,0.0654,0.0209,False,0.9889,0.996
GU_NUM_003,gu,NUMBERS,PIPE_D,3815,305.7,113.6,128.6,30.0,309.1,4124.1,0.0787,0.0252,False,0.9883,0.996
GU_NUM_004,gu,NUMBERS,PIPE_D,3710,299.1,107.9,122.9,31.4,300.9,4010.9,0.0553,0.0177,False,0.9922,0.996
GU_NUM_005,gu,NUMBERS,PIPE_D,3780,324.3,106.8,121.8,29.5,306.6,4086.6,0.0646,0.0207,False,0.999,0.996
GU_COORD_001,gu,COORDINATES,PIPE_D,4550,319.8,110.5,125.5,31.3,311.6,4861.6,0.0793,0.0254,False,0.9934,0.996
GU_COORD_002,gu,COORDINATES,PIPE_D,4305,313.5,103.4,118.4,31.3,303.9,4608.9,0.0577,0.0185,False,0.9996,0.996
GU_COORD_003,gu,COORDINATES,PIPE_D,4270,320.5,108.6,123.6,30.7,306.5,4576.5,0.0714,0.0228,False,0.9997,0.996
GU_COORD_004,gu,COORDINATES,PIPE_D,4095,317.4,104.1,119.1,29.6,296.3,4391.3,0.0647,0.0207,False,0.9967,0.996
GU_COORD_005,gu,COORDINATES,PIPE_D,4095,335.0,111.1,126.1,29.9,305.2,4400.2,0.0731,0.0234,False,0.998,0.996
GU_CALL_001,gu,CALLSIGN,PIPE_D,4270,315.2,105.2,120.2,30.5,305.2,4575.2,0.0793,0.0254,False,0.9926,0.996
GU_CALL_002,gu,CALLSIGN,PIPE_D,4130,315.9,112.7,127.7,30.1,314.0,4444.0,0.0562,0.018,False,0.9907,0.996
GU_CALL_003,gu,CALLSIGN,PIPE_D,3920,296.4,111.7,126.7,30.9,307.9,4227.9,0.0668,0.0214,False,0.9971,0.996
GU_CALL_004,gu,CALLSIGN,PIPE_D,4060,300.9,102.5,117.5,31.2,299.7,4359.7,0.0623,0.0199,False,0.9982,0.996
GU_CALL_005,gu,CALLSIGN,PIPE_D,4165,307.1,104.3,119.3,31.1,297.6,4462.6,0.0555,0.0178,False,0.999,0.996
GU_EMERG_001,gu,EMERGENCY,PIPE_D,4550,320.9,113.2,128.2,28.6,306.7,4856.7,0.0636,0.0204,False,0.9957,0.996
GU_EMERG_002,gu,EMERGENCY,PIPE_D,4375,333.3,109.1,124.1,30.7,303.0,4678.0,0.0676,0.0216,False,0.9995,0.996
GU_EMERG_003,gu,EMERGENCY,PIPE_D,4410,295.1,105.9,120.9,30.3,302.6,4712.6,0.0624,0.02,False,0.9893,0.996
GU_EMERG_004,gu,EMERGENCY,PIPE_D,4305,307.8,103.7,118.7,29.2,295.9,4600.9,0.0538,0.0172,False,0.9961,0.996
GU_EMERG_005,gu,EMERGENCY,PIPE_D,4270,328.5,105.7,120.7,29.4,302.2,4572.2,0.07,0.0224,False,0.9963,0.996
MR_NORM_001,mr,NORMAL,PIPE_D,4060,296.3,155.2,170.2,30.1,344.7,4404.7,0.0535,0.0171,False,0.9952,0.996
MR_NORM_002,mr,NORMAL,PIPE_D,3955,306.8,147.4,162.4,30.9,335.2,4290.2,0.0549,0.0176,False,0.9954,0.996
MR_NORM_003,mr,NORMAL,PIPE_D,4305,302.4,158.9,173.9,30.1,339.4,4644.4,0.0736,0.0235,False,0.9904,0.996
MR_NORM_004,mr,NORMAL,PIPE_D,3990,321.2,148.6,163.6,30.4,335.8,4325.8,0.0706,0.0226,False,0.9988,0.996
MR_NORM_005,mr,NORMAL,PIPE_D,3990,319.4,158.7,173.7,30.6,338.8,4328.8,0.0744,0.0238,False,0.994,0.996
MR_NUM_001,mr,NUMBERS,PIPE_D,4095,295.7,105.3,120.3,31.3,291.7,4386.7,0.0658,0.021,False,0.9913,0.996
MR_NUM_002,mr,NUMBERS,PIPE_D,3920,329.8,111.2,126.2,31.3,297.9,4217.9,0.0762,0.0244,False,0.9964,0.996
MR_NUM_003,mr,NUMBERS,PIPE_D,4130,297.3,105.9,120.9,29.7,293.7,4423.7,0.0662,0.0212,False,0.9884,0.996
MR_NUM_004,mr,NUMBERS,PIPE_D,3815,331.3,104.6,119.6,29.8,288.9,4103.9,0.0606,0.0194,False,0.9999,0.996
MR_NUM_005,mr,NUMBERS,PIPE_D,3920,325.7,105.2,120.2,31.1,291.7,4211.7,0.0793,0.0254,False,0.9892,0.996
MR_COORD_001,mr,COORDINATES,PIPE_D,4760,332.0,103.3,118.3,30.5,283.2,5043.2,0.0762,0.0244,False,0.9933,0.996
MR_COORD_002,mr,COORDINATES,PIPE_D,4340,313.9,103.5,118.5,29.4,286.0,4626.0,0.0697,0.0223,False,0.9956,0.996
MR_COORD_003,mr,COORDINATES,PIPE_D,4445,316.1,113.4,128.4,31.0,295.0,4740.0,0.0725,0.0232,False,0.993,0.996
MR_COORD_004,mr,COORDINATES,PIPE_D,4200,299.8,102.7,117.7,29.9,288.3,4488.3,0.0639,0.0204,False,0.9987,0.996
MR_COORD_005,mr,COORDINATES,PIPE_D,4130,332.5,109.6,124.6,29.0,288.3,4418.3,0.0602,0.0193,False,0.9946,0.996
MR_CALL_001,mr,CALLSIGN,PIPE_D,4200,332.5,106.4,121.4,30.8,286.3,4486.3,0.0659,0.0211,False,0.9958,0.996
MR_CALL_002,mr,CALLSIGN,PIPE_D,4165,313.6,105.8,120.8,30.6,293.5,4458.5,0.0648,0.0207,False,0.9898,0.996
MR_CALL_003,mr,CALLSIGN,PIPE_D,4060,309.4,110.2,125.2,29.8,297.8,4357.8,0.0784,0.0251,False,0.9966,0.996
MR_CALL_004,mr,CALLSIGN,PIPE_D,4060,321.7,109.5,124.5,30.6,297.7,4357.7,0.0543,0.0174,False,0.9964,0.996
MR_CALL_005,mr,CALLSIGN,PIPE_D,4130,300.7,109.8,124.8,29.1,292.6,4422.6,0.079,0.0253,False,0.9933,0.996
MR_EMERG_001,mr,EMERGENCY,PIPE_D,4550,323.2,105.8,120.8,31.4,292.4,4842.4,0.054,0.0173,False,0.9938,0.996
MR_EMERG_002,mr,EMERGENCY,PIPE_D,4375,320.9,102.4,117.4,30.3,291.5,4666.5,0.0756,0.0242,False,0.9998,0.996
MR_EMERG_003,mr,EMERGENCY,PIPE_D,4550,301.4,105.4,120.4,28.4,284.7,4834.7,0.052,0.0167,False,0.9995,0.996
MR_EMERG_004,mr,EMERGENCY,PIPE_D,4200,328.0,110.4,125.4,30.2,297.1,4497.1,0.0768,0.0246,False,0.9884,0.996
MR_EMERG_005,mr,EMERGENCY,PIPE_D,4305,308.1,103.3,118.3,29.0,289.2,4594.2,0.0695,0.0222,False,0.9956,0.996
KN_NORM_001,kn,NORMAL,PIPE_D,4270,334.9,149.6,164.6,29.6,353.2,4623.2,0.0556,0.0178,False,0.9892,0.996
KN_NORM_002,kn,NORMAL,PIPE_D,4340,297.1,163.7,178.7,28.5,363.9,4703.9,0.0714,0.0229,False,0.9973,0.996
KN_NORM_003,kn,NORMAL,PIPE_D,4515,298.1,152.5,167.5,30.9,359.1,4874.1,0.0769,0.0246,False,0.9932,0.996
KN_NORM_004,kn,NORMAL,PIPE_D,3990,311.6,150.7,165.7,31.2,358.4,4348.4,0.0586,0.0188,False,0.9907,0.996
KN_NORM_005,kn,NORMAL,PIPE_D,3815,328.6,162.7,177.7,28.6,368.9,4183.9,0.0566,0.0181,False,0.9883,0.996
KN_NUM_001,kn,NUMBERS,PIPE_D,4375,305.5,105.4,120.4,31.2,311.6,4686.6,0.0794,0.0254,False,0.9907,0.996
KN_NUM_002,kn,NUMBERS,PIPE_D,4130,315.1,107.3,122.3,30.0,314.4,4444.4,0.0588,0.0188,False,0.9945,0.996
KN_NUM_003,kn,NUMBERS,PIPE_D,4095,325.2,110.2,125.2,30.3,316.6,4411.6,0.0795,0.0254,False,0.9987,0.996
KN_NUM_004,kn,NUMBERS,PIPE_D,3920,313.5,108.8,123.8,28.9,310.6,4230.6,0.0733,0.0235,False,0.9922,0.996
KN_NUM_005,kn,NUMBERS,PIPE_D,3745,316.6,108.8,123.8,30.8,306.7,4051.7,0.0587,0.0188,False,0.9996,0.996
KN_COORD_001,kn,COORDINATES,PIPE_D,5005,296.8,110.2,125.2,29.4,306.0,5311.0,0.0745,0.0238,False,0.992,0.996
KN_COORD_002,kn,COORDINATES,PIPE_D,4620,328.4,108.9,123.9,28.6,306.9,4926.9,0.0613,0.0196,False,0.9893,0.996
KN_COORD_003,kn,COORDINATES,PIPE_D,4585,311.1,103.5,118.5,29.9,308.8,4893.8,0.0699,0.0224,False,0.9919,0.996
KN_COORD_004,kn,COORDINATES,PIPE_D,4375,317.9,112.5,127.5,29.5,308.8,4683.8,0.0729,0.0233,False,0.9894,0.996
KN_COORD_005,kn,COORDINATES,PIPE_D,4480,302.7,106.2,121.2,30.9,308.0,4788.0,0.0757,0.0242,False,0.9882,0.996
KN_CALL_001,kn,CALLSIGN,PIPE_D,4375,321.3,110.7,125.7,30.6,313.3,4688.3,0.0719,0.023,False,0.9959,0.996
KN_CALL_002,kn,CALLSIGN,PIPE_D,4340,325.8,104.8,119.8,29.3,300.5,4640.5,0.0763,0.0244,False,0.9882,0.996
KN_CALL_003,kn,CALLSIGN,PIPE_D,4585,322.0,102.8,117.8,29.0,305.3,4890.3,0.0729,0.0233,False,0.998,0.996
KN_CALL_004,kn,CALLSIGN,PIPE_D,4200,312.4,112.6,127.6,28.5,308.1,4508.1,0.073,0.0234,False,0.9933,0.996
KN_CALL_005,kn,CALLSIGN,PIPE_D,4130,321.5,105.4,120.4,28.7,306.4,4436.4,0.0605,0.0194,False,0.9952,0.996
KN_EMERG_001,kn,EMERGENCY,PIPE_D,4830,312.9,111.1,126.1,31.1,313.6,5143.6,0.0634,0.0203,False,0.9897,0.996
KN_EMERG_002,kn,EMERGENCY,PIPE_D,4725,314.2,106.5,121.5,31.3,305.5,5030.5,0.0547,0.0175,False,0.9934,0.996
KN_EMERG_003,kn,EMERGENCY,PIPE_D,4655,332.8,104.7,119.7,30.1,307.8,4962.8,0.078,0.0249,False,0.9998,0.996
KN_EMERG_004,kn,EMERGENCY,PIPE_D,4585,328.1,113.0,128.0,28.5,307.7,4892.7,0.0584,0.0187,False,0.9896,0.996
KN_EMERG_005,kn,EMERGENCY,PIPE_D,4305,333.0,113.7,128.7,30.0,318.0,4623.0,0.0653,0.0209,False,0.9983,0.996
ML_NORM_001,ml,NORMAL,PIPE_D,4620,315.6,161.6,176.6,28.9,347.0,4967.0,0.0532,0.017,False,0.9941,0.996
ML_NORM_002,ml,NORMAL,PIPE_D,4130,315.7,160.8,175.8,30.7,350.0,4480.0,0.0713,0.0228,False,0.9971,0.996
ML_NORM_003,ml,NORMAL,PIPE_D,4095,295.4,149.3,164.3,30.7,339.2,4434.2,0.067,0.0214,False,0.9941,0.996
ML_NORM_004,ml,NORMAL,PIPE_D,4165,314.1,149.8,164.8,28.6,336.9,4501.9,0.0775,0.0248,False,0.9884,0.996
ML_NORM_005,ml,NORMAL,PIPE_D,3990,297.5,155.7,170.7,30.1,336.8,4326.8,0.0685,0.0219,False,0.9883,0.996
ML_NUM_001,ml,NUMBERS,PIPE_D,4165,324.2,110.6,125.6,29.9,294.2,4459.2,0.0709,0.0227,False,0.9988,0.996
ML_NUM_002,ml,NUMBERS,PIPE_D,4550,307.4,110.3,125.3,29.2,295.3,4845.3,0.0776,0.0248,False,0.9946,0.996
ML_NUM_003,ml,NUMBERS,PIPE_D,4200,316.0,107.0,122.0,28.9,291.7,4491.7,0.0799,0.0256,False,0.9965,0.996
ML_NUM_004,ml,NUMBERS,PIPE_D,3850,306.5,108.3,123.3,29.2,295.2,4145.2,0.0652,0.0209,False,0.9998,0.996
ML_NUM_005,ml,NUMBERS,PIPE_D,3990,316.4,110.2,125.2,29.0,300.2,4290.2,0.0599,0.0192,False,0.9982,0.996
ML_COORD_001,ml,COORDINATES,PIPE_D,5215,298.7,112.5,127.5,30.8,300.8,5515.8,0.0712,0.0228,False,0.9912,0.996
ML_COORD_002,ml,COORDINATES,PIPE_D,4935,326.1,111.6,126.6,31.3,302.3,5237.3,0.0621,0.0199,False,0.9977,0.996
ML_COORD_003,ml,COORDINATES,PIPE_D,4795,313.7,103.0,118.0,30.4,288.2,5083.2,0.0646,0.0207,False,0.9882,0.996
ML_COORD_004,ml,COORDINATES,PIPE_D,4270,313.9,111.6,126.6,30.0,302.5,4572.5,0.0625,0.02,False,0.9941,0.996
ML_COORD_005,ml,COORDINATES,PIPE_D,4795,314.6,109.6,124.6,28.8,291.3,5086.3,0.0775,0.0248,False,0.9922,0.996
ML_CALL_001,ml,CALLSIGN,PIPE_D,4340,315.4,104.5,119.5,30.7,294.6,4634.6,0.0531,0.017,False,0.9898,0.996
ML_CALL_002,ml,CALLSIGN,PIPE_D,4830,305.9,113.2,128.2,30.8,300.0,5130.0,0.0614,0.0196,False,0.9934,0.996
ML_CALL_003,ml,CALLSIGN,PIPE_D,4235,309.1,110.9,125.9,28.5,292.9,4527.9,0.054,0.0173,False,0.9939,0.996
ML_CALL_004,ml,CALLSIGN,PIPE_D,4410,316.4,109.7,124.7,28.8,294.7,4704.7,0.056,0.0179,False,0.9952,0.996
ML_CALL_005,ml,CALLSIGN,PIPE_D,4270,298.1,107.4,122.4,30.3,298.4,4568.4,0.0611,0.0196,False,0.9904,0.996
ML_EMERG_001,ml,EMERGENCY,PIPE_D,4620,316.1,111.3,126.3,29.8,297.7,4917.7,0.0649,0.0208,False,0.9898,0.996
ML_EMERG_002,ml,EMERGENCY,PIPE_D,4550,326.8,112.9,127.9,30.2,300.2,4850.2,0.0799,0.0256,False,0.9898,0.996
ML_EMERG_003,ml,EMERGENCY,PIPE_D,4410,302.7,106.6,121.6,28.8,293.1,4703.1,0.0593,0.019,False,0.9881,0.996
ML_EMERG_004,ml,EMERGENCY,PIPE_D,4410,323.2,106.5,121.5,29.8,290.3,4700.3,0.0555,0.0178,False,0.9962,0.996
ML_EMERG_005,ml,EMERGENCY,PIPE_D,4445,298.6,105.4,120.4,29.8,296.5,4741.5,0.0591,0.0189,False,0.9966,0.996
TA_NORM_001,ta,NORMAL,PIPE_D,4480,320.8,157.9,172.9,29.6,359.6,4839.6,0.062,0.0199,False,0.996,0.996
TA_NORM_002,ta,NORMAL,PIPE_D,4725,327.3,161.8,176.8,30.6,362.5,5087.5,0.0654,0.0209,False,0.9983,0.996
TA_NORM_003,ta,NORMAL,PIPE_D,4655,301.7,149.4,164.4,30.3,352.7,5007.7,0.0773,0.0247,False,0.9943,0.996
TA_NORM_004,ta,NORMAL,PIPE_D,4270,321.8,161.9,176.9,29.6,357.8,4627.8,0.0584,0.0187,False,0.9986,0.996
TA_NORM_005,ta,NORMAL,PIPE_D,4200,317.4,147.7,162.7,31.2,351.0,4551.0,0.0613,0.0196,False,0.9964,0.996
TA_NUM_001,ta,NUMBERS,PIPE_D,4550,309.9,112.4,127.4,28.4,315.5,4865.5,0.0719,0.023,False,0.9922,0.996
TA_NUM_002,ta,NUMBERS,PIPE_D,4410,309.5,103.4,118.4,29.5,298.6,4708.6,0.0794,0.0254,False,0.9936,0.996
TA_NUM_003,ta,NUMBERS,PIPE_D,4410,315.4,108.1,123.1,30.3,311.7,4721.7,0.0786,0.0252,False,0.9994,0.996
TA_NUM_004,ta,NUMBERS,PIPE_D,4025,314.7,106.0,121.0,29.5,308.3,4333.3,0.0626,0.02,False,0.9936,0.996
TA_NUM_005,ta,NUMBERS,PIPE_D,3815,301.6,104.4,119.4,30.2,306.1,4121.1,0.066,0.0211,False,0.9994,0.996
TA_COORD_001,ta,COORDINATES,PIPE_D,5600,333.7,103.9,118.9,30.5,300.4,5900.4,0.0526,0.0168,False,0.9887,0.996
TA_COORD_002,ta,COORDINATES,PIPE_D,4830,300.8,106.0,121.0,29.7,305.5,5135.5,0.0759,0.0243,False,0.9941,0.996
TA_COORD_003,ta,COORDINATES,PIPE_D,4970,295.1,102.2,117.2,29.1,303.0,5273.0,0.0689,0.022,False,0.9902,0.996
TA_COORD_004,ta,COORDINATES,PIPE_D,4620,298.3,108.3,123.3,29.8,309.8,4929.8,0.0723,0.0231,False,0.9898,0.996
TA_COORD_005,ta,COORDINATES,PIPE_D,4795,328.4,107.4,122.4,30.1,304.0,5099.0,0.0721,0.0231,False,0.992,0.996
TA_CALL_001,ta,CALLSIGN,PIPE_D,4830,305.5,108.3,123.3,29.7,306.6,5136.6,0.0609,0.0195,False,0.9882,0.996
TA_CALL_002,ta,CALLSIGN,PIPE_D,4690,310.2,110.2,125.2,28.6,302.8,4992.8,0.0601,0.0192,False,0.9888,0.996
TA_CALL_003,ta,CALLSIGN,PIPE_D,4445,304.1,105.9,120.9,30.7,300.9,4745.9,0.065,0.0208,False,0.996,0.996
TA_CALL_004,ta,CALLSIGN,PIPE_D,4620,301.2,109.3,124.3,30.6,305.8,4925.8,0.0616,0.0197,False,0.9901,0.996
TA_CALL_005,ta,CALLSIGN,PIPE_D,4375,331.3,111.9,126.9,31.3,308.1,4683.1,0.0524,0.0168,False,0.9957,0.996
TA_EMERG_001,ta,EMERGENCY,PIPE_D,5145,311.2,108.5,123.5,29.2,302.8,5447.8,0.0525,0.0168,False,0.9935,0.996
TA_EMERG_002,ta,EMERGENCY,PIPE_D,4445,310.2,110.1,125.1,28.7,312.4,4757.4,0.0604,0.0193,False,0.9941,0.996
TA_EMERG_003,ta,EMERGENCY,PIPE_D,4970,316.8,112.0,127.0,29.6,311.6,5281.6,0.0745,0.0238,False,0.9996,0.996
TA_EMERG_004,ta,EMERGENCY,PIPE_D,4865,305.0,102.7,117.7,29.2,298.3,5163.3,0.0701,0.0224,False,0.9955,0.996
TA_EMERG_005,ta,EMERGENCY,PIPE_D,4655,325.4,107.2,122.2,29.0,310.6,4965.6,0.0549,0.0176,False,0.9914,0.996
TE_NORM_001,te,NORMAL,PIPE_D,4585,317.0,149.7,164.7,29.8,337.7,4922.7,0.0743,0.0238,False,0.9953,0.996
TE_NORM_002,te,NORMAL,PIPE_D,4480,316.9,148.1,163.1,28.5,331.0,4811.0,0.0788,0.0252,False,0.9943,0.996
TE_NORM_003,te,NORMAL,PIPE_D,4690,304.3,162.1,177.1,28.8,353.9,5043.9,0.0625,0.02,False,0.9908,0.996
TE_NORM_004,te,NORMAL,PIPE_D,4130,316.3,155.9,170.9,30.8,340.5,4470.5,0.0672,0.0215,False,0.9923,0.996
TE_NORM_005,te,NORMAL,PIPE_D,4060,307.0,150.1,165.1,31.0,334.3,4394.3,0.0672,0.0215,False,0.9886,0.996
TE_NUM_001,te,NUMBERS,PIPE_D,4620,323.5,108.6,123.6,29.0,294.5,4914.5,0.0645,0.0206,False,0.9907,0.996
TE_NUM_002,te,NUMBERS,PIPE_D,4270,330.7,110.4,125.4,29.2,295.6,4565.6,0.0536,0.0172,False,0.9963,0.996
TE_NUM_003,te,NUMBERS,PIPE_D,4340,329.3,112.6,127.6,30.4,302.5,4642.5,0.0736,0.0235,False,0.9955,0.996
TE_NUM_004,te,NUMBERS,PIPE_D,3815,331.1,103.1,118.1,28.4,289.6,4104.6,0.0785,0.0251,False,0.996,0.996
TE_NUM_005,te,NUMBERS,PIPE_D,3885,309.6,110.1,125.1,31.3,294.8,4179.8,0.074,0.0237,False,0.9945,0.996
TE_COORD_001,te,COORDINATES,PIPE_D,5285,320.0,104.3,119.3,28.6,289.9,5574.9,0.0729,0.0233,False,0.9911,0.996
TE_COORD_002,te,COORDINATES,PIPE_D,4935,312.9,104.4,119.4,30.5,290.7,5225.7,0.0672,0.0215,False,0.9987,0.996
TE_COORD_003,te,COORDINATES,PIPE_D,4830,321.3,112.8,127.8,28.7,300.8,5130.8,0.0558,0.0179,False,0.9999,0.996
TE_COORD_004,te,COORDINATES,PIPE_D,4585,323.6,113.3,128.3,29.9,298.3,4883.3,0.0729,0.0233,False,0.9913,0.996
TE_COORD_005,te,COORDINATES,PIPE_D,4410,328.7,109.3,124.3,29.0,290.7,4700.7,0.0775,0.0248,False,0.9998,0.996
TE_CALL_001,te,CALLSIGN,PIPE_D,4445,313.3,108.0,123.0,29.5,290.9,4735.9,0.0724,0.0232,False,0.9888,0.996
TE_CALL_002,te,CALLSIGN,PIPE_D,4445,324.0,109.4,124.4,29.9,296.7,4741.7,0.0666,0.0213,False,0.997,0.996
TE_CALL_003,te,CALLSIGN,PIPE_D,4480,315.9,102.1,117.1,31.2,288.1,4768.1,0.0645,0.0206,False,0.9945,0.996
TE_CALL_004,te,CALLSIGN,PIPE_D,4270,321.1,109.3,124.3,31.0,296.8,4566.8,0.0648,0.0207,False,0.9883,0.996
TE_CALL_005,te,CALLSIGN,PIPE_D,4165,328.7,109.7,124.7,30.8,301.2,4466.2,0.0567,0.0181,False,0.9959,0.996
TE_EMERG_001,te,EMERGENCY,PIPE_D,4655,323.8,106.3,121.3,30.2,294.5,4949.5,0.0752,0.0241,False,0.9946,0.996
TE_EMERG_002,te,EMERGENCY,PIPE_D,4725,325.5,107.0,122.0,30.9,300.7,5025.7,0.063,0.0201,False,0.9977,0.996
TE_EMERG_003,te,EMERGENCY,PIPE_D,4795,330.5,108.0,123.0,28.8,290.4,5085.4,0.0701,0.0224,False,0.998,0.996
TE_EMERG_004,te,EMERGENCY,PIPE_D,4655,330.5,109.6,124.6,29.6,294.6,4949.6,0.0674,0.0216,False,0.9897,0.996
TE_EMERG_005,te,EMERGENCY,PIPE_D,4585,320.3,104.5,119.5,31.0,292.8,4877.8,0.0642,0.0205,False,0.9987,0.996
OR_NORM_001,or,NORMAL,PIPE_D,4270,312.0,154.1,169.1,28.4,358.7,4628.7,0.1088,0.0348,False,0.9914,0.996
OR_NORM_002,or,NORMAL,PIPE_D,4130,318.2,149.2,164.2,30.3,359.4,4489.4,0.1017,0.0325,False,0.9915,0.996
OR_NORM_003,or,NORMAL,PIPE_D,4305,298.9,153.6,168.6,30.1,358.5,4663.5,0.1074,0.0344,False,0.9978,0.996
OR_NORM_004,or,NORMAL,PIPE_D,3955,308.3,148.9,163.9,29.4,349.9,4304.9,0.1088,0.0348,False,0.9987,0.996
OR_NORM_005,or,NORMAL,PIPE_D,4340,321.4,159.7,174.7,30.4,370.7,4710.7,0.1017,0.0325,False,0.9917,0.996
OR_NUM_001,or,NUMBERS,PIPE_D,4165,304.2,104.2,119.2,29.4,312.3,4477.3,0.1059,0.0339,False,0.9926,0.996
OR_NUM_002,or,NUMBERS,PIPE_D,3920,325.6,107.1,122.1,30.6,313.4,4233.4,0.1099,0.0352,False,0.9965,0.996
OR_NUM_003,or,NUMBERS,PIPE_D,4060,310.2,110.6,125.6,30.1,320.3,4380.3,0.096,0.0307,False,0.9939,0.996
OR_NUM_004,or,NUMBERS,PIPE_D,3885,334.7,107.1,122.1,28.4,312.1,4197.1,0.0979,0.0313,False,0.9999,0.996
OR_NUM_005,or,NUMBERS,PIPE_D,3850,308.3,113.6,128.6,28.7,313.5,4163.5,0.1055,0.0338,False,0.9889,0.996
OR_COORD_001,or,COORDINATES,PIPE_D,4830,298.8,105.7,120.7,28.9,304.2,5134.2,0.0944,0.0302,False,0.9918,0.996
OR_COORD_002,or,COORDINATES,PIPE_D,4620,317.7,110.6,125.6,28.7,316.9,4936.9,0.0938,0.03,False,0.9918,0.996
OR_COORD_003,or,COORDINATES,PIPE_D,4340,303.1,113.6,128.6,29.6,318.2,4658.2,0.1058,0.0338,False,0.9997,0.996
OR_COORD_004,or,COORDINATES,PIPE_D,4270,305.3,102.2,117.2,29.7,301.4,4571.4,0.1072,0.0343,False,0.9928,0.996
OR_COORD_005,or,COORDINATES,PIPE_D,4515,315.8,106.4,121.4,30.1,315.5,4830.5,0.0979,0.0313,False,0.9906,0.996
OR_CALL_001,or,CALLSIGN,PIPE_D,4445,296.6,109.3,124.3,30.3,317.0,4762.0,0.0957,0.0306,False,0.9965,0.996
OR_CALL_002,or,CALLSIGN,PIPE_D,4165,332.3,113.3,128.3,30.5,320.5,4485.5,0.1098,0.0351,False,0.9977,0.996
OR_CALL_003,or,CALLSIGN,PIPE_D,4200,297.4,109.2,124.2,30.7,320.8,4520.8,0.1068,0.0342,False,0.9922,0.996
OR_CALL_004,or,CALLSIGN,PIPE_D,4270,333.0,113.1,128.1,28.6,322.5,4592.5,0.0959,0.0307,False,0.9909,0.996
OR_CALL_005,or,CALLSIGN,PIPE_D,4025,329.0,104.1,119.1,29.9,310.0,4335.0,0.1063,0.034,False,0.9888,0.996
OR_EMERG_001,or,EMERGENCY,PIPE_D,4620,322.7,109.6,124.6,30.7,320.7,4940.7,0.1044,0.0334,False,0.991,0.996
OR_EMERG_002,or,EMERGENCY,PIPE_D,4375,329.2,107.5,122.5,28.7,310.8,4685.8,0.093,0.0298,False,0.9884,0.996
OR_EMERG_003,or,EMERGENCY,PIPE_D,4830,333.5,113.2,128.2,30.4,324.9,5154.9,0.0911,0.0291,False,0.9973,0.996
OR_EMERG_004,or,EMERGENCY,PIPE_D,4620,321.7,102.1,117.1,31.0,304.4,4924.4,0.108,0.0345,False,0.9985,0.996
OR_EMERG_005,or,EMERGENCY,PIPE_D,4235,314.5,103.0,118.0,30.5,314.0,4549.0,0.093,0.0298,False,0.9982,0.996
BN_NORM_001,bn,NORMAL,PIPE_D,4270,333.2,151.3,166.3,31.3,336.4,4606.4,0.069,0.0221,False,0.9918,0.996
BN_NORM_002,bn,NORMAL,PIPE_D,4130,326.3,156.4,171.4,28.5,344.5,4474.5,0.0618,0.0198,False,0.9888,0.996
BN_NORM_003,bn,NORMAL,PIPE_D,4375,321.1,165.7,180.7,30.6,347.8,4722.8,0.0585,0.0187,False,0.9959,0.996
BN_NORM_004,bn,NORMAL,PIPE_D,3815,310.9,157.0,172.0,28.7,340.3,4155.3,0.0582,0.0186,False,0.989,0.996
BN_NORM_005,bn,NORMAL,PIPE_D,4305,318.6,150.8,165.8,30.3,337.8,4642.8,0.056,0.0179,False,0.9993,0.996
BN_NUM_001,bn,NUMBERS,PIPE_D,4060,331.0,106.9,121.9,30.5,296.0,4356.0,0.0557,0.0178,False,0.9883,0.996
BN_NUM_002,bn,NUMBERS,PIPE_D,4130,313.7,107.1,122.1,29.8,291.1,4421.1,0.0738,0.0236,False,0.9906,0.996
BN_NUM_003,bn,NUMBERS,PIPE_D,3990,308.0,103.3,118.3,30.9,289.9,4279.9,0.0677,0.0217,False,0.9932,0.996
BN_NUM_004,bn,NUMBERS,PIPE_D,3955,320.8,106.7,121.7,28.8,292.5,4247.5,0.0645,0.0206,False,0.9912,0.996
BN_NUM_005,bn,NUMBERS,PIPE_D,4130,323.1,106.0,121.0,30.8,296.2,4426.2,0.0697,0.0223,False,0.9887,0.996
BN_COORD_001,bn,COORDINATES,PIPE_D,4900,325.0,103.7,118.7,29.5,291.2,5191.2,0.0547,0.0175,False,0.9928,0.996
BN_COORD_002,bn,COORDINATES,PIPE_D,4480,320.7,110.4,125.4,30.6,295.0,4775.0,0.0738,0.0236,False,0.9968,0.996
BN_COORD_003,bn,COORDINATES,PIPE_D,4410,332.2,103.0,118.0,30.1,291.3,4701.3,0.0689,0.022,False,0.9976,0.996
BN_COORD_004,bn,COORDINATES,PIPE_D,4305,322.3,105.6,120.6,28.6,287.2,4592.2,0.0552,0.0177,False,0.9954,0.996
BN_COORD_005,bn,COORDINATES,PIPE_D,4445,322.5,110.7,125.7,30.5,296.9,4741.9,0.0789,0.0253,False,0.9951,0.996
BN_CALL_001,bn,CALLSIGN,PIPE_D,4445,302.8,108.7,123.7,30.9,300.5,4745.5,0.0723,0.0232,False,0.9999,0.996
BN_CALL_002,bn,CALLSIGN,PIPE_D,4165,323.8,103.0,118.0,29.9,291.9,4456.9,0.0589,0.0188,False,0.9902,0.996
BN_CALL_003,bn,CALLSIGN,PIPE_D,4095,308.9,105.8,120.8,28.7,289.3,4384.3,0.0756,0.0242,False,0.9978,0.996
BN_CALL_004,bn,CALLSIGN,PIPE_D,4305,314.9,109.5,124.5,28.5,292.4,4597.4,0.0729,0.0233,False,0.9952,0.996
BN_CALL_005,bn,CALLSIGN,PIPE_D,4200,299.6,108.4,123.4,29.2,290.8,4490.8,0.0554,0.0177,False,0.994,0.996
BN_EMERG_001,bn,EMERGENCY,PIPE_D,4480,316.7,105.4,120.4,30.6,293.8,4773.8,0.0564,0.0181,False,0.9907,0.996
BN_EMERG_002,bn,EMERGENCY,PIPE_D,4270,313.2,105.5,120.5,29.9,293.8,4563.8,0.0603,0.0193,False,0.9969,0.996
BN_EMERG_003,bn,EMERGENCY,PIPE_D,4760,330.7,113.7,128.7,30.3,300.6,5060.6,0.0596,0.0191,False,0.9985,0.996
BN_EMERG_004,bn,EMERGENCY,PIPE_D,4340,307.8,106.7,121.7,29.5,292.7,4632.7,0.0529,0.0169,False,0.9969,0.996
BN_EMERG_005,bn,EMERGENCY,PIPE_D,4305,303.2,103.9,118.9,29.5,284.6,4589.6,0.0531,0.017,False,0.9884,0.996
EN_NORM_001,en,NORMAL,PIPE_D,4690,327.4,149.1,164.1,29.4,323.8,5013.8,0.079,0.0253,False,1.0,0.996
EN_NORM_002,en,NORMAL,PIPE_D,4235,295.2,160.3,175.3,29.4,339.4,4574.4,0.0735,0.0235,False,0.9934,0.996
EN_NORM_003,en,NORMAL,PIPE_D,4235,308.1,162.2,177.2,29.2,340.5,4575.5,0.0529,0.0169,False,0.9962,0.996
EN_NORM_004,en,NORMAL,PIPE_D,4515,323.7,160.9,175.9,31.0,341.0,4856.0,0.0677,0.0217,False,0.9885,0.996
EN_NORM_005,en,NORMAL,PIPE_D,4130,304.8,161.6,176.6,30.0,339.3,4469.3,0.0773,0.0247,False,0.9911,0.996
EN_NUM_001,en,NUMBERS,PIPE_D,4305,318.3,106.7,121.7,30.2,285.3,4590.3,0.056,0.0179,False,0.996,0.996
EN_NUM_002,en,NUMBERS,PIPE_D,4165,334.9,113.1,128.1,29.6,283.4,4448.4,0.0777,0.0249,False,0.9892,0.996
EN_NUM_003,en,NUMBERS,PIPE_D,4410,308.0,109.0,124.0,30.2,280.9,4690.9,0.0666,0.0213,False,0.9984,0.996
EN_NUM_004,en,NUMBERS,PIPE_D,3850,301.7,111.3,126.3,28.5,285.6,4135.6,0.0623,0.0199,False,0.9934,0.996
EN_NUM_005,en,NUMBERS,PIPE_D,4235,325.8,105.8,120.8,28.7,275.7,4510.7,0.0609,0.0195,False,0.9908,0.996
EN_COORD_001,en,COORDINATES,PIPE_D,5250,330.9,110.8,125.8,28.7,283.5,5533.5,0.0716,0.0229,False,0.9949,0.996
EN_COORD_002,en,COORDINATES,PIPE_D,4655,309.3,110.7,125.7,29.8,284.2,4939.2,0.0709,0.0227,False,0.9985,0.996
EN_COORD_003,en,COORDINATES,PIPE_D,4935,326.1,106.5,121.5,29.6,277.7,5212.7,0.0631,0.0202,False,0.997,0.996
EN_COORD_004,en,COORDINATES,PIPE_D,4585,300.0,107.7,122.7,29.7,286.8,4871.8,0.0796,0.0255,False,0.9951,0.996
EN_COORD_005,en,COORDINATES,PIPE_D,4445,326.1,112.8,127.8,30.7,291.1,4736.1,0.0725,0.0232,False,0.9986,0.996
EN_CALL_001,en,CALLSIGN,PIPE_D,4270,301.8,110.0,125.0,30.5,284.5,4554.5,0.0655,0.021,False,0.9967,0.996
EN_CALL_002,en,CALLSIGN,PIPE_D,4305,304.8,102.4,117.4,31.2,280.5,4585.5,0.0659,0.0211,False,0.999,0.996
EN_CALL_003,en,CALLSIGN,PIPE_D,4550,322.1,106.0,121.0,29.7,284.2,4834.2,0.062,0.0198,False,0.9892,0.996
EN_CALL_004,en,CALLSIGN,PIPE_D,4305,325.8,113.6,128.6,29.8,292.0,4597.0,0.0573,0.0183,False,0.9989,0.996
EN_CALL_005,en,CALLSIGN,PIPE_D,4480,330.1,107.7,122.7,29.3,283.9,4763.9,0.0575,0.0184,False,0.9983,0.996
EN_EMERG_001,en,EMERGENCY,PIPE_D,4830,300.2,105.4,120.4,29.9,285.1,5115.1,0.0606,0.0194,False,0.9906,0.996
EN_EMERG_002,en,EMERGENCY,PIPE_D,4550,312.6,113.2,128.2,30.8,290.4,4840.4,0.0619,0.0198,False,0.9947,0.996
EN_EMERG_003,en,EMERGENCY,PIPE_D,4585,316.3,113.5,128.5,31.2,291.7,4876.7,0.0568,0.0182,False,0.9909,0.996
EN_EMERG_004,en,EMERGENCY,PIPE_D,4725,311.4,113.7,128.7,31.3,291.6,5016.6,0.0705,0.0226,False,0.9986,0.996
EN_EMERG_005,en,EMERGENCY,PIPE_D,4550,329.2,104.8,119.8,29.1,274.7,4824.7,0.0728,0.0233,False,0.9895,0.996
